Domain,Domain_gene_counts,AA_C,AA_H,AA_N,AA_O,AA_S,GC_adj
 ,80.29780000000001,45564.5719,91189.1425,12995.8609,22838.219,270.293,0.6700614781205539
 Archaea,348.6945999999999,235761.77849999996,466276.43940000003,67037.874,115641.91920000002,1432.3374000000003,0.5747738362736919
 Bacteria,160176.0642000003,107061378.47999977,213066677.14319983,30119804.203800194,53030430.86710007,688443.0990000002,0.6169091582315708
 Duplodnaviria,307.4653,225422.61529999998,444006.8796999997,62114.46990000001,113426.09020000002,1363.1816000000006,0.5273943653744412
 Eukaryota,2475.965900000001,2239321.979199999,4391297.274599998,634723.3321999996,1103991.4522000002,14972.535100000008,0.522094649495415
 Riboviria,3.7062,1967.9922,3980.4588,533.6928,1037.7359999999999,22.2372,0.643
 Varidnaviria,13.6404,3916.4029999999993,7839.824500000001,1101.3539,1896.9988,37.1801,0.42755824436413586
 unclassified viruses,15.0138,13906.574,28179.0052,3912.7039999999997,7349.287200000001,65.9402,0.5893841319419437
Unclassified,26121.809100000046,10394607.809900006,20797797.60610009,2961382.1736999964,5226503.816800011,75684.25910000005,0.5907482538950717
