Domain,Domain_gene_counts,AA_C,AA_H,AA_N,AA_O,AA_S,GC_adj
 ,706.5343999999999,486497.0103,974117.764,133494.60499999998,248512.6608,2817.1901,0.6628296326739138
 Archaea,1949.0541999999994,1260972.856200001,2496691.918999999,347638.5774,626684.8729000002,8574.309199999996,0.5294017949739751
 Bacteria,542416.0424000019,366918284.2928013,733014377.795991,104138236.76360026,182419000.48420015,2337090.4328999794,0.6627278013920441
 Duplodnaviria,289.6921,332739.44180000003,658915.1135999999,95214.32279999998,168225.02260000003,2369.8333000000002,0.6074685706209881
 Eukaryota,3130.4475999999972,2225075.746700002,4387629.737800002,625277.2566,1098720.2141000007,13427.274199999998,0.5762880002921709
 Riboviria,8.418,5463.1816,11206.0065,1693.1770999999999,2821.8617,53.8257,0.6322989804531656
 Varidnaviria,4.1382,1332.5004000000001,2718.7974000000004,384.85260000000005,707.6322,12.4146,0.695
 unclassified viruses,3.1158,3041.0208000000002,5726.8404,828.8028,1508.0472,6.2316,0.413
Unclassified,77780.56200000009,29442248.71489999,59222548.0189,8518066.299300006,14788989.967000004,210598.03180000017,0.6522718850387546
