Domain,Domain_gene_counts,AA_C,AA_H,AA_N,AA_O,AA_S,GC_adj
 ,63.11650000000001,40701.253699999994,81206.38700000002,10811.433799999999,20063.9739,317.0021000000001,0.4346754598106338
 Archaea,47.01740000000001,25038.190700000003,49156.7949,6737.568300000001,11869.7553,158.7748,0.5138043904098026
 Bacteria,77047.02859999993,52084388.18099978,103784629.22409992,14626108.242500009,26000044.366399933,341255.1126999996,0.6169484191257398
 Duplodnaviria,1.8816,1151.5392,2301.1967999999997,306.7008,634.0992,1.8816,0.601
 Eukaryota,2281.5202999999997,1719331.5774000005,3349155.9765999974,458100.81199999974,820117.4711000007,11526.29259999999,0.4278586220633477
 Polydnaviridae,5.082,4599.21,8984.976,1260.336,2393.622,25.41,0.505
Unclassified,13546.35050000002,5407632.181199988,10759776.256699998,1512710.9048999997,2678764.501899999,40564.13360000004,0.5183168876836517
