Domain,Domain_gene_counts,AA_C,AA_H,AA_N,AA_O,AA_S,GC_adj
 ,238.68960000000004,129814.25789999998,254529.50259999992,34754.441399999996,63199.1253,579.2300000000001,0.5579519275954017
 Archaea,267.6432,169026.0342,335300.8115000001,47478.20889999999,87145.88879999999,1192.9567999999997,0.6034961908811171
 Bacteria,144450.7895,99264653.93600033,198157224.68629858,28105292.99209995,49724424.72829965,619560.278600003,0.6656274192546572
 Duplodnaviria,23.1101,10143.3037,20402.1757,2914.7493,5120.058,110.22949999999999,0.48055131553203356
 Eukaryota,6884.733099999998,5238595.238300002,10231424.716800002,1421605.8542000018,2522681.658400002,35291.279199999975,0.4471549925675117
 unclassified viruses,5.9981,8427.3305,16266.8472,2279.278,3784.8011,35.9886,0.708
Unclassified,31286.35649999989,12489841.002899982,25001045.845399905,3551398.056200013,6242913.154500001,92569.54030000002,0.5849729186773172
