Domain,Domain_gene_counts,AA_C,AA_H,AA_N,AA_O,AA_S,GC_adj
 ,151.99190000000002,90343.35430000002,178939.8247,25049.568499999998,44556.359599999996,582.8089000000001,0.5903395962261381
 Archaea,448.86039999999997,306106.3353999999,607450.8592999997,87032.07529999997,151301.38929999998,1998.7980999999997,0.5839666069569923
 Bacteria,233617.04289999988,157716864.88499972,314418743.56779915,44784040.346400075,78001696.81529988,1027026.8993000055,0.6190434345552852
 Duplodnaviria,151.87669999999997,113665.32440000003,223850.80310000002,31282.527099999992,56548.23819999999,694.1732,0.5817536238255966
 Eukaryota,1154.5374000000004,752084.0567999999,1479335.4658999995,204814.1983000001,367765.82239999995,4572.813899999999,0.5185765060407709
 Varidnaviria,11.5321,5488.544,10966.3428,1502.2994,2755.9259,29.816100000000002,0.4610016292272989
 unclassified viruses,9.5353,3628.215,6909.1525,1058.0810999999999,1875.1839999999997,32.3863,0.6328135958597207
Unclassified,36133.58599999983,14021069.545200016,28092174.200100034,4017727.434700001,7014145.294499986,100065.63039999978,0.5940050922206842
