Domain,Domain_gene_counts,AA_C,AA_H,AA_N,AA_O,AA_S,GC_adj
 ,5.731,2480.6196,5010.8574,736.4338,1242.4212,17.192999999999998,0.590809396509988
 Archaea,33.1387,21253.145800000002,41728.1162,5978.646999999999,10216.4551,129.5057,0.551571622528528
 Bacteria,16682.734199999984,10707601.214999981,21404640.25100006,3040079.5211999947,5360923.402499999,65966.38390000002,0.6453262422529142
 Eukaryota,23.222900000000003,8238.598,16392.274100000002,2391.7539,4300.7577,50.8026,0.5599601973527221
Unclassified,1315.131700000001,414889.4512000003,833856.7350000005,119284.13480000004,208156.47419999997,2998.550600000001,0.5978488049346109
