Domain,Domain_gene_counts,AA_C,AA_H,AA_N,AA_O,AA_S,GC_adj
 ,26.2444,16155.473899999999,30866.922400000003,4104.1146,7555.584000000001,187.57010000000002,0.5318475078505592
 Archaea,49.124900000000004,32643.0073,63983.7293,9135.9785,15660.553399999999,284.81339999999994,0.5869108787752793
 Bacteria,32666.915000000008,21386100.965299957,42663897.39179998,6064672.491800013,10555548.246800022,146753.18500000038,0.6289833823024513
 Eukaryota,523.5973999999999,385040.3972,746774.4205000001,105497.57369999995,184704.6799,2678.2021999999993,0.46154609672340025
Unclassified,3304.8027999999995,1076731.9759999993,2150189.052999998,309622.3320000001,535759.0319999994,8367.788699999994,0.5697230201640633
