Domain,Domain_gene_counts,AA_C,AA_H,AA_N,AA_O,AA_S,GC_adj
 ,351.601,211234.98109999995,420229.7426999999,59403.9549,105858.53769999997,1221.1248000000003,0.6397347525851729
 Archaea,1819.4730999999992,1135119.8125999991,2252943.1091000005,312065.96489999985,559403.9995000006,7380.384100000001,0.486015157992642
 Bacteria,346428.79160000314,224058295.93579912,446727897.5064978,63398472.205099694,110999556.93950023,1492683.724199992,0.6439212732915819
 Duplodnaviria,20.5302,12668.7998,25255.1068,3607.3328,6371.0034,69.7295,0.6134586834746114
 Eukaryota,1087.5283999999997,597252.9912000004,1195754.7216000003,171514.37719999978,297577.0973000001,3733.493800000002,0.6384051783832887
 Varidnaviria,3.9075,1671.2262,3250.1295,459.2679,804.7269000000001,21.704100000000004,0.6737737820942133
 unclassified viruses,2.0195,941.0869999999999,1839.7644999999998,264.55449999999996,440.251,4.039,0.645
Unclassified,53001.25840000005,19627375.25929986,39478549.856800064,5650055.578400015,9798712.491200043,133894.68649999998,0.6323545664396533
