Domain,Domain_gene_counts,AA_C,AA_H,AA_N,AA_O,AA_S,GC_adj
 ,2129.831300000001,2634429.7088,5233664.188499998,731920.0059,1305128.6176999998,13842.917500000003,0.634426711766045
 Archaea,36675.81220000011,57623303.51269998,115072848.12290001,16286504.3157,28682154.902600076,301393.5413999999,0.6358470922706456
 Bacteria,824897.7321000092,660016120.2181973,1317744922.28321,187837264.6126011,329431078.5499997,3935527.906099979,0.6502318915726875
 Duplodnaviria,273.5314000000001,220361.44410000002,438916.57499999995,63500.77120000002,110275.28089999998,1543.9303,0.5279977979192991
 Eukaryota,9934.835400000014,9997785.5939,19913517.885199998,2813660.2802000013,4987754.563300002,54116.201899999964,0.6162937148353296
 Riboviria,63.9321,90055.7726,182118.4408,25852.515,43608.6429,411.84229999999997,0.6699708619755564
 Varidnaviria,108.15530000000001,151903.4037,298226.49510000006,41468.875700000004,72727.9447,664.5088000000001,0.5870987413602947
 unclassified viruses,27.1637,14754.5987,29419.2039,4131.3603,7061.5116,106.6408,0.6432306023937763
Unclassified,254233.05719999707,137750029.68379945,275583546.3533016,39151584.61269992,68948795.70950013,837148.0808999997,0.6355092433049027
