Domain,Domain_gene_counts,AA_C,AA_H,AA_N,AA_O,AA_S,GC_adj
 ,344.2256000000001,192444.38989999998,385076.19720000017,54626.062000000005,95456.70220000001,1340.6921,0.6609253430694851
 Archaea,679.1766,404791.1924000002,805387.9430000003,114146.04659999999,201101.46909999996,2661.5871999999995,0.5879215992799479
 Bacteria,226560.49160000175,146943310.29379788,293293780.24340326,41679229.99839971,73011347.42320023,942753.7478999979,0.6639709645261862
 Duplodnaviria,119.3241,108454.6404,211923.5437,29727.343500000006,54541.16590000002,742.6624,0.5110443091630033
 Eukaryota,880.7557000000002,505307.59370000014,1006523.5765000002,144960.6235000002,252009.3164,3374.2914000000005,0.6103722729099557
 Varidnaviria,3.7417,1077.6096,2379.7212,306.8194,598.672,18.7085,0.7140000000000002
 unclassified viruses,9.7512,7123.638800000001,14086.893799999998,2008.3698,3564.7828,30.0678,0.6466253049766195
Unclassified,38199.858899999985,15641335.019900013,31404177.179400105,4500304.118999985,7843972.83459997,104363.69979999955,0.6280231948855416
