Domain,Domain_gene_counts,AA_C,AA_H,AA_N,AA_O,AA_S,GC_adj
 ,46.1425,24775.5304,49724.069500000005,7670.7971,11943.545899999997,127.7541,0.6055249860736732
 Archaea,1197.8210000000008,725803.5295999999,1445591.779399997,196591.85039999985,358021.28819999984,5514.1986000000015,0.47417784091829873
 Bacteria,23714.628900000047,16413124.71830001,32754444.244700067,4678533.753899984,8194411.837200003,101565.5534000003,0.66529882604012
 Duplodnaviria,4.6591000000000005,3003.7109,6009.1322,899.0902000000001,1597.9551999999999,22.351300000000002,0.7099042947125904
 Eukaryota,48.8495,22325.9045,44336.7611,6450.374499999999,11230.9136,117.4905,0.6982054506784235
 Monodnaviria,5.3857,2486.0648,5217.7834,754.247,1292.0499,8.8356,0.7164600691545077
Unclassified,3649.5818999999988,1332202.6425000012,2667741.755399999,381798.8628000001,657085.4144,8324.1526,0.6104776047065192
