Domain,Domain_gene_counts,AA_C,AA_H,AA_N,AA_O,AA_S,GC_adj
 ,122.46789999999999,83379.67589999999,163987.4549,23023.8465,40896.72929999999,582.5833,0.52010267095181
 Archaea,249.12210000000002,172249.4909,344465.41689999984,48023.30210000001,86378.28390000002,1062.8285000000003,0.549973923695349
 Bacteria,113189.2019999996,76669746.27559984,152882351.0266005,21764669.343399994,37827746.41789994,513084.0792000031,0.6193695597644684
 Duplodnaviria,5.0539000000000005,1680.4877999999999,3419.3238,479.81100000000004,803.4078,12.8263,0.624221145516218
 Eukaryota,9832.596799999987,6603607.767699994,12883288.403799992,1811309.633399998,3203190.6595999966,52583.617399999974,0.4758165967027197
 Monodnaviria,4.5218,3142.651,6099.9082,945.0562,1492.194,54.2616,0.478
 Riboviria,1.8702,1267.9956,2543.472,347.85720000000003,660.1806,1.8702,0.621
Unclassified,23440.83220000006,8738406.58200002,17360600.218999963,2479443.721000002,4334476.526099986,75475.8266,0.5281322823521106
