Domain,Domain_gene_counts,AA_C,AA_H,AA_N,AA_O,AA_S,GC_adj
 ,512.0458,300820.33829999994,592261.729,80927.8726,145764.93620000003,1731.6452000000004,0.5350659176056166
 Archaea,604.5966000000003,464864.23189999984,926440.9956999996,131372.45090000003,233651.1817999999,3073.746500000002,0.6079290395641161
 Bacteria,556548.2589999958,387007425.1464969,771986026.9230981,108750011.59310089,193991876.36729637,2479008.5179000287,0.6339310174789543
 Duplodnaviria,51.0262,39241.75090000001,78365.94310000002,11326.5039,19853.197,237.3389,0.652518291245141
 Eukaryota,9724.077999999996,7106972.424600004,13904953.920899993,1906183.1749000035,3437025.6623000014,47077.84480000006,0.44684778761254035
 Varidnaviria,2.1368,1433.7928,2865.4488,450.8648,688.0496,14.9576,0.534
 unclassified viruses,13.9551,10241.8272,20021.9388,2907.7116,5288.7375,52.6923,0.5146942676414059
Unclassified,94299.38889999969,39080540.43419993,78295424.88340016,11044665.195999978,19644587.5078999,268148.2629999993,0.6006063089790533
