Domain,Domain_gene_counts,AA_C,AA_H,AA_N,AA_O,AA_S,GC_adj
 ,186.58010000000002,131452.56809999997,260885.9785,37013.9731,65364.88389999999,838.1558999999996,0.6041722153971996
 Archaea,804.1206000000003,586251.9814000003,1162313.6152000003,163671.91480000003,296035.3509,3355.9150000000004,0.629637451862828
 Bacteria,264582.2562999996,197779548.065398,394019494.3702001,55780864.34519985,98527606.56430036,1230690.8612999876,0.626757264462167
 Duplodnaviria,13.666500000000001,6800.2058,13420.153700000003,1834.6127000000001,3540.2,49.220400000000005,0.6064599944828467
 Eukaryota,1648.917699999999,1164814.6328999996,2305385.6555999992,325771.8562000001,583961.0823999997,7339.882,0.6043045743990174
 Riboviria,4.8476,3716.1960000000004,7370.4744,1037.1,1855.5384000000001,26.402,0.6428748820403044
 Varidnaviria,11.2554,4358.5656,8933.3288,1336.5493999999999,2373.7756,22.5108,0.7075136838053949
 unclassified viruses,14.3322,13227.0689,26620.4958,3909.2198,6510.2201000000005,104.9295,0.590361930533615
Unclassified,58170.12659999982,25671261.49209997,51400465.04560031,7286762.077399989,12882550.366399966,171919.7193000002,0.6109774058596833
