Domain,Domain_gene_counts,AA_C,AA_H,AA_N,AA_O,AA_S,GC_adj
 ,69.7363,39378.130300000004,77312.5258,11468.043999999998,19547.2324,374.2011,0.5749414321907272
 Archaea,352.3768,263861.4134000001,517958.17590000015,74546.38669999999,129664.4756,1561.2400999999993,0.5830111034023954
 Bacteria,113543.20210000014,77192592.66729987,154009526.74949974,22104895.858499933,37990461.915399976,511081.2484999997,0.6114899792465989
 Duplodnaviria,294.25059999999985,192867.8329,379984.90820000006,52312.09939999997,97089.3009,1435.5319000000004,0.4026454906115461
 Eukaryota,4935.503499999995,4153600.303799999,8115829.284600003,1139788.146200002,2023831.4308,35316.13950000003,0.43523371867495886
 Varidnaviria,8.1441,12820.8748,25302.5478,3614.359,6258.956999999999,107.9095,0.623662896335635
 unclassified viruses,8.953199999999999,5040.8904,9851.153999999999,1602.2651999999998,2448.2183999999997,35.812799999999996,0.6688940901543864
Unclassified,30954.481299999956,12529811.84620001,24926593.737900004,3564929.4893,6217008.365700021,102343.28439999989,0.5415447570597434
