Domain,Domain_gene_counts,AA_C,AA_H,AA_N,AA_O,AA_S,GC_adj
 ,115.5492,55833.2931,111612.4282,15779.1174,27701.9364,572.9039,0.5648816062515035
 Archaea,259.4389999999999,178497.00670000009,354708.4479,51066.70710000001,88501.55310000002,1075.5264,0.5975225905922704
 Bacteria,112761.79180000006,75627362.62419939,150869082.21599948,21528353.77459996,37406803.49139979,505363.90330000094,0.6340812602675887
 Duplodnaviria,10.235,6749.9254,13148.1216,1973.5872000000002,3396.2252000000003,35.5888,0.6286918048655313
 Eukaryota,518.4367999999998,292126.3028999999,574646.6314000001,79826.55339999998,141270.7621,2019.8308999999995,0.4893560858640493
Unclassified,11250.430699999997,3771826.7030999977,7564132.9863999905,1094217.8621999999,1866142.896100003,28536.26380000004,0.5958200796097595
