Domain,Domain_gene_counts,AA_C,AA_H,AA_N,AA_O,AA_S,GC_adj
 ,39.8132,16950.5565,32375.046499999997,4103.222900000001,7671.2827,118.3808,0.4187130186630786
 Archaea,62.564899999999994,41746.1697,81356.2358,11740.274400000002,20571.966099999998,248.899,0.6182788430846187
 Bacteria,21955.834599999987,14605860.618999997,29157201.754900023,4157165.6293000067,7302903.006299991,92008.22170000018,0.6722640747282095
 Duplodnaviria,4.1655,3074.1389999999997,5685.907499999999,820.6034999999999,1403.7735,8.331,0.715
 Eukaryota,414.44449999999995,272302.2904,528963.2244999998,70796.54470000001,129107.7643,1813.8956000000005,0.40791165837417553
Unclassified,3402.4156999999996,1279231.5698999998,2564507.080000003,369169.63680000004,640559.8139999998,8651.890700000014,0.5959056306696865
