Domain,Domain_gene_counts,AA_C,AA_H,AA_N,AA_O,AA_S,GC_adj
 ,475.2141999999998,333829.30880000006,664181.0956,92244.16759999994,164940.37950000007,2068.7139,0.5821914011604664
 Archaea,1068.1253999999994,681231.3952,1352637.8161999995,192958.1925999999,338805.7195000003,4585.094199999998,0.5833531341118169
 Bacteria,951499.8771000169,695803716.4397036,1389310489.907722,197115236.15610194,344717410.6981012,4613663.8331000395,0.6161458976051007
 Duplodnaviria,125.6799,73633.84790000001,146045.1293,21375.059299999997,37394.54749999999,380.5612,0.6058261631283327
 Eukaryota,7708.8962999999985,5674169.323299999,11116321.32019998,1563710.5744000012,2756489.3037999985,41524.85910000002,0.49252834353146346
 Monodnaviria,7.7355,5034.7926,10269.6483,1465.3053,2607.1575000000003,33.9858,0.5161505141359766
 Riboviria,66.03659999999999,38966.4568,74052.11189999999,10199.7323,18307.2144,374.3348,0.4100344384390251
 unclassified viruses,8.331599999999998,8199.8469,16196.7856,2314.9399999999996,4090.4186999999997,39.369,0.5875471238279437
Unclassified,152060.25860000023,57306735.36550029,114850775.21739957,16430075.103000116,28515440.736900102,433193.45049999777,0.5766435310161251
