Domain,Domain_gene_counts,AA_C,AA_H,AA_N,AA_O,AA_S,GC_adj
 ,84.4362,40897.0922,79896.2512,10341.7436,19032.443400000004,225.79190000000003,0.4177880273713634
 Archaea,183.3399,112733.3855,222729.35180000003,32565.80500000001,55582.84949999999,760.3319000000001,0.5996297054697732
 Bacteria,73217.69790000019,48895273.71030026,97386862.90369998,13794154.004499957,24188293.99699992,323116.20290000184,0.6011623162387766
 Duplodnaviria,26.5999,22969.147699999998,45442.0168,6468.467599999999,11362.197,155.4379,0.568141282605871
 Eukaryota,1609.441200000001,1248071.7787000013,2437312.4222,341734.8652000001,601601.7828000003,8119.061399999997,0.4549325947880298
 Riboviria,3.2122,902.6282,1782.7710000000002,215.2174,433.64700000000005,0.0,0.586
Unclassified,14097.600899999994,5188813.375699986,10326970.071999999,1469931.2846000018,2579191.449300003,39963.93689999989,0.5397850362319478
