Domain,Domain_gene_counts,AA_C,AA_H,AA_N,AA_O,AA_S,GC_adj
 ,158.02569999999994,104400.95140000003,208867.56289999996,29262.1813,51593.7667,569.1802,0.5674369383710555
 Archaea,921.4525000000003,624200.2721999997,1241554.3151999991,175584.54359999998,307933.51259999984,3919.8151000000007,0.6188530405976594
 Bacteria,200273.2769999999,142129187.40180057,283093386.80910254,40244951.727899894,70383930.43589984,899871.9661999921,0.6149126067270907
 Duplodnaviria,26.261,22740.5778,44283.15579999999,6391.5664,11274.4002,142.7891,0.49879512713815255
 Eukaryota,1204.9441000000004,808077.7088000004,1601395.7447,226554.29369999998,400467.55800000014,6011.881800000002,0.5395784654914345
 Polydnaviridae,5.5793,6131.6507,11811.3781,1668.2107,2873.3395,55.793,0.4579999999999999
 Varidnaviria,2.9628,2550.9708,4938.9876,767.3652000000001,1238.4504,14.814,0.6729999999999999
 unclassified viruses,42.481399999999994,48093.6783,92920.8456,12809.8244,23169.887800000004,401.2754,0.348288836934109
Unclassified,33600.167299999885,13752075.13739997,27546168.235800106,3920722.4198,6852891.532499992,97212.90660000037,0.5864362813532732
