Domain,Domain_gene_counts,AA_C,AA_H,AA_N,AA_O,AA_S,GC_adj
 ,15.652899999999999,11243.0392,22426.6451,3235.2775,5710.8992,46.1357,0.6129659784848343
 Archaea,48.2695,31533.8317,62313.9269,9132.3643,15539.7751,171.47689999999997,0.658849947221488
 Bacteria,24293.761699999977,15861947.451200003,31706680.930800006,4590351.81500001,7819653.588000019,103634.03430000004,0.6231079337158143
 Duplodnaviria,2.6207,1892.1453999999999,3498.6344999999997,469.10529999999994,883.1759,13.103499999999999,0.385
 Eukaryota,160.1988,96598.06260000003,188874.72709999993,26958.67129999999,47017.02909999999,624.2502,0.5117465352436086
Unclassified,3154.5779000000007,1034213.6248000008,2080697.6155000005,302642.58209999994,516548.70300000015,8210.612699999998,0.5982523081786899
