Domain,Domain_gene_counts,AA_C,AA_H,AA_N,AA_O,AA_S,GC_adj
 ,144.6551,64391.519400000005,126619.52690000001,17364.067900000002,30701.319399999997,357.7977999999999,0.5120964152709289
 Archaea,130.71300000000002,71420.494,143983.00109999996,20394.332299999995,36576.20589999999,498.2630000000001,0.6273662688854182
 Bacteria,150512.86409999838,102604114.2688009,204983494.94900158,28848912.461399954,50894695.30699975,715105.0572000014,0.6271108090029046
 Duplodnaviria,97.24659999999997,97459.95980000001,192584.12999999995,26324.7332,50022.1937,557.8364000000001,0.5359893173400534
 Eukaryota,436.4491,280061.48800000007,547870.6411000001,72669.51710000001,132067.9690000001,1788.319099999999,0.4352855420161404
 Riboviria,1.8232,1340.052,2740.2696,486.7944,621.7112,7.2928,0.5820000000000001
Unclassified,14057.025699999997,4542310.786200007,9163146.881900001,1310520.3266999992,2270487.6345999995,34401.761499999986,0.6010467507149164
