Domain,Domain_gene_counts,AA_C,AA_H,AA_N,AA_O,AA_S,GC_adj
 ,70.4015,35636.966400000005,71422.22339999999,11017.335799999999,16713.473299999998,271.5728,0.5363689291114913
 Archaea,375.2541000000001,308936.0239,609287.8811,87260.20229999998,149953.70659999998,1977.8151000000007,0.4799718219011821
 Bacteria,14173.772199999994,11513662.859600011,22803600.065899998,3321653.124700002,5574006.254199996,71524.85740000002,0.6058476554006429
 Duplodnaviria,2.8277,1637.2383,3189.6456000000003,435.4658,845.4823,14.1385,0.519
 Eukaryota,152.158,82878.90289999999,161493.0122,21950.3752,41280.914399999994,557.7082,0.5186056885507494
Unclassified,3908.8748999999984,1914080.868,3804348.940600002,554471.3568000003,913189.9053,12535.989099999999,0.5565329856284567
