Domain,Domain_gene_counts,AA_C,AA_H,AA_N,AA_O,AA_S,GC_adj
 ,219.17069999999998,125739.35399999998,254284.4047,36799.75609999999,65095.711800000005,786.9788999999998,0.682235274350961
 Archaea,1037.7554000000005,675005.2655000001,1356956.6029999994,195392.77200000006,342924.13830000005,3766.3003999999996,0.7033182818761791
 Bacteria,207845.63209999978,135726023.7025997,271484617.44890076,38982364.00809996,67991643.80820054,738593.4659000019,0.7061042300582516
 Duplodnaviria,26.2673,12765.746,25420.718100000002,3647.4757,6325.5316,34.775600000000004,0.6900670246658404
 Eukaryota,1182.9277,684002.2149,1375619.0131999988,195603.4746,338211.54850000015,3602.5581000000006,0.7017529804383544
Unclassified,49079.147199999854,19372393.65190005,39209443.34620004,5688477.486399994,9742446.790300002,99612.4713999998,0.7170060105371983
