Domain,Domain_gene_counts,AA_C,AA_H,AA_N,AA_O,AA_S,GC_adj
 ,272.1576999999999,173373.57729999995,348307.2235,51228.94389999999,87507.1981,1123.8764999999999,0.7054697961837941
 Archaea,2265.3806999999997,1480435.1165999996,2940185.6094000023,410720.0735999999,741458.2057000004,8571.635100000003,0.5789017554853607
 Bacteria,240466.18620000148,169617518.83000043,339118754.1599975,48550324.52900011,85100687.07350014,953960.9748000002,0.6995026633037046
 Duplodnaviria,22.5742,14988.992100000001,30146.894800000002,4515.3418,7530.773800000001,71.2127,0.6924360200807944
 Eukaryota,1301.0586999999998,815586.9187999999,1649516.5682000003,241398.4618000001,412050.8615,4158.954700000001,0.7119652303136571
 Riboviria,2.8342,2253.189,4577.233,660.3686,1176.193,22.6736,0.412
 unclassified viruses,12.0585,3991.3635,8501.2425,1266.1425000000002,2158.4715,24.117,0.758
Unclassified,55064.504299999964,22399244.75250007,45291507.3724002,6573240.828999999,11307994.982000025,122513.6555000001,0.7036240628802
