Domain,Domain_gene_counts,AA_C,AA_H,AA_N,AA_O,AA_S,GC_adj
 ,134.1051,72421.73589999999,145357.17320000005,20755.1052,37514.4453,499.26399999999995,0.6871247154253197
 Archaea,737.8548,449575.68100000004,899163.5569,125131.98009999999,224504.09569999998,2999.7946999999986,0.6460035651642646
 Bacteria,100496.35349999987,66371299.46770012,132508856.42550023,18890428.423700105,33220200.759299975,394664.1177999993,0.6935219927600272
 Eukaryota,379.0952,190261.48100000003,379894.58429999993,54648.563500000004,94393.3527,1008.8650000000002,0.6999821375747142
 Riboviria,2.0775,706.35,1385.6925,189.0525,371.8725,0.0,0.362
Unclassified,16356.399700000002,5932698.511099985,11979033.46579997,1735445.245200001,2986816.1358000035,33512.50060000001,0.7059458498815898
