Domain,Domain_gene_counts,AA_C,AA_H,AA_N,AA_O,AA_S,GC_adj
 ,94.04109999999997,47193.356799999994,92512.92299999998,11985.201800000003,22453.398999999998,226.96409999999997,0.47498195753912775
 Archaea,219.8033,144796.2779,287864.4374,40552.06839999999,72777.5816,779.0199,0.5749092443483256
 Bacteria,69992.48500000015,45723998.356599905,91103819.19669983,12945367.783899965,22705170.337300003,287220.5312000009,0.615510599708469
 Duplodnaviria,3.2969,1480.3081,2838.6309,372.5497,778.0684,6.5938,0.635
 Eukaryota,1515.5871,976179.8891000007,1895855.9351000006,262441.55730000004,467736.23730000015,6773.943799999998,0.45262763506328
Unclassified,14107.701499999986,5494738.146399997,10984772.579100017,1560315.764700002,2736689.517699994,37566.312699999966,0.579307563704384
