Domain,Domain_gene_counts,AA_C,AA_H,AA_N,AA_O,AA_S,GC_adj
 Archaea,94.9207,125797.5332,248038.765,34838.85,63255.80980000001,962.5337999999999,0.5884211488427161
 Bacteria,16493.389099999982,10238027.33550002,20422395.26490001,2880039.523900006,5088186.164999994,65369.45190000002,0.5956174948005668
 Duplodnaviria,47.3341,26828.9821,55192.7955,9015.6345,12796.7846,301.1641,0.5826311838653052
 Eukaryota,2075.6621999999993,1561210.3843999999,3048733.962999999,430779.6924,759848.9910000002,13847.701099999998,0.4577269449510013
 Varidnaviria,12.3108,3262.362,5786.076,714.0264,1304.9448,12.3108,0.5
Unclassified,10437.566099999985,4162134.144699997,8279310.6790000005,1168608.6842000012,2074380.2928999998,37248.74709999999,0.5279036233492016
