Domain,Domain_gene_counts,AA_C,AA_H,AA_N,AA_O,AA_S,GC_adj
 ,114.38119999999998,42731.79870000001,85248.7069,12593.380700000003,20593.8759,220.34319999999994,0.6598852678393129
 Archaea,1541.9685999999979,963396.5888999997,1918595.661899999,262650.0566999999,479958.7711000001,6346.785699999993,0.4849576908813342
 Bacteria,86447.4257000004,56025916.14060016,111938550.32659972,15994911.028799957,28079532.21640002,332825.0832999999,0.6950045403271506
 Duplodnaviria,8.2011,3195.4698,6376.433400000001,906.9486,1631.4009,19.680300000000003,0.5867417844265219
 Eukaryota,419.9117000000001,231465.06079999983,463397.74750000006,66444.80810000002,115691.01230000003,1234.7094,0.6542297539932063
 Varidnaviria,8.4,4712.400000000001,9357.6,1344.0,2402.4,16.8,0.7170000000000001
Unclassified,17168.17439999999,6477968.068500005,13061995.694000008,1874303.0181999996,3273524.4719000026,36246.32270000002,0.681751290886458
