Domain,Domain_gene_counts,AA_C,AA_H,AA_N,AA_O,AA_S,GC_adj
 ,128.88860000000003,77055.5054,152715.3321,21393.161099999998,37961.727399999996,390.5106,0.6068283584198625
 Archaea,4687.508900000006,3033674.7979000006,6062133.994500006,856211.5659000006,1502305.7771000012,18202.594200000014,0.6416879871086262
 Bacteria,153369.34399999955,97093443.5100005,193872800.29999968,27455068.425799828,48292772.69070034,651241.2524000037,0.6448591264155921
 Duplodnaviria,6.719200000000001,4659.8820000000005,9091.5068,1213.6163999999999,2368.8855000000003,7.5047,0.6491225445651417
 Eukaryota,734.7838000000006,370759.2259,728407.5002000002,101229.24120000008,178734.32980000012,2970.8713000000007,0.5055708175534407
 Riboviria,5.3515,3856.973,7601.434,1124.1989999999998,1890.1085,30.058999999999997,0.5776170051452485
Unclassified,12851.814300000016,4242276.767100008,8541684.952499999,1227400.6336999997,2122217.7248999993,29539.40159999997,0.6266952506955125
