Domain,Domain_gene_counts,AA_C,AA_H,AA_N,AA_O,AA_S,GC_adj
 ,335.0763000000001,195777.17730000007,394482.28039999993,56574.2958,98259.9709,1090.0755,0.7131498617609312
 Archaea,2707.5965999999976,1750953.1421999987,3504875.454499999,485146.09189999977,870677.4213000002,11943.544099999997,0.5390760153082443
 Bacteria,167136.33399999927,118582175.0539003,237564226.74289957,34137086.3161,59322486.95280007,646236.7029000005,0.7130168343565687
 Duplodnaviria,13.3871,9947.086,20451.4533,2777.1449,5010.6170999999995,21.7973,0.7211685438301727
 Eukaryota,986.2426000000002,576788.3457000003,1163654.9430000002,170803.48399999994,286010.1206,2843.3830000000003,0.7226605879686682
 Varidnaviria,3.7688,3569.0536,7424.536,1062.8016,1876.8624,18.844,0.787
 unclassified viruses,6.4345,3378.1124999999997,6601.797,900.8299999999999,1647.232,12.869,0.778
Unclassified,36450.63019999999,14580338.60960002,29592333.984299988,4327372.9943,7328893.105699999,75350.18630000037,0.7274696618054468
