Domain,Domain_gene_counts,AA_C,AA_H,AA_N,AA_O,AA_S,GC_adj
 ,362.8874999999999,238659.2687000001,469006.3522,68066.56080000002,115973.06110000002,1350.0225000000003,0.5442348252009092
 Archaea,1425.9214999999983,877962.1114000006,1752586.5238999985,243250.42250000016,433873.90550000017,5367.355499999995,0.5444086707933112
 Bacteria,253070.3247000016,172590422.1189993,343097605.3648003,48615008.840199985,85267240.83960165,1102686.7024999869,0.5947897714115481
 Duplodnaviria,47.379,41615.6867,82282.40220000001,11676.371600000002,21218.5475,289.2378,0.6085429807275703
 Eukaryota,26194.031800000004,18233590.876700006,35748746.58279999,5010979.403999993,8857131.521999994,135826.84509999992,0.48206042029007623
 Riboviria,24.7774,16626.9113,33769.605899999995,5106.7726999999995,8683.0625,132.5374,0.6023814001498896
 unclassified viruses,39.016600000000004,33596.908500000005,65055.5233,9239.8155,16244.9244,244.74769999999998,0.4316158395242559
Unclassified,69577.46630000009,27753950.876699995,55097584.808000036,7864345.410800015,13775385.500400035,226566.53779999964,0.529006801035298
