Domain,Domain_gene_counts,AA_C,AA_H,AA_N,AA_O,AA_S,GC_adj
 ,604.6258,486153.5474999998,960845.1916999999,134796.2735,241686.49230000013,3494.0874000000003,0.6013686870353601
 Archaea,1747.1891999999996,1519196.914,3026423.2478000005,424490.7291999997,754232.4647999996,10109.568399999993,0.6015964874853295
 Bacteria,541182.4929000103,478983706.1475899,953008316.5034034,134386218.31379858,238227952.6868997,3053748.2857999895,0.6018143221521981
 Duplodnaviria,107.60930000000002,81973.5782,160653.99030000003,22570.709099999996,41203.775200000004,597.0622,0.4895469428795422
 Eukaryota,3002.5909,2531686.368699997,5029920.205099994,705243.8126999997,1271296.4719000005,16214.799800000003,0.5736264112531746
 Riboviria,32.547700000000006,17667.683599999997,35303.298,4793.619,8549.7185,122.836,0.5258679390560627
 Varidnaviria,30.6993,33809.015,65718.29819999999,8433.8336,15566.2725,294.8125,0.4960977193088422
 unclassified viruses,42.360400000000006,27448.050199999998,54596.627199999995,7797.4258,13577.222300000001,260.64029999999997,0.5516020735154031
Unclassified,131420.18859999973,64917379.081300184,129653747.74459957,18327671.017999947,32478665.60550023,464974.35519999935,0.5844307368476578
