Domain,Domain_gene_counts,AA_C,AA_H,AA_N,AA_O,AA_S,GC_adj
 ,644.1010000000003,445330.9107999999,884811.4540000004,124112.9008,218832.2515999999,2864.6323999999986,0.5479595269577652
 Archaea,1666.3216000000014,1213394.3124,2416329.6018999997,343132.19569999987,597935.1992000005,7585.581400000001,0.5618224139177792
 Bacteria,724074.7948000024,522238486.497598,1040793936.0675027,147435327.96049693,259128480.85329762,3309210.320000022,0.6100390313703483
 Duplodnaviria,140.57640000000004,118233.2661,229751.5785000001,32959.3197,57565.2842,807.5255000000001,0.5362990635773419
 Eukaryota,6039.288199999992,4229652.5622999985,8324802.900200015,1158166.4163999986,2061890.6945999996,28635.60039999999,0.48225278707714403
 Riboviria,100.05439999999999,101995.8422,200106.1795,27105.4911,50104.9347,705.8865000000001,0.36252624739108325
 Varidnaviria,13.491900000000001,9405.8926,18191.692499999997,2432.1529,4618.4068,33.5314,0.5542150352587548
 unclassified viruses,14.8152,7170.3342999999995,14251.489,1950.281,3540.0846,86.1858,0.5756986090906471
Unclassified,149247.36259999845,62932913.90820012,125535824.6263999,17895117.295399994,31286664.172499873,440392.8834999978,0.5639074394353022
