Domain,Domain_gene_counts,AA_C,AA_H,AA_N,AA_O,AA_S,GC_adj
 ,333.50390000000004,223523.65220000004,435151.4767000001,60383.52730000001,107724.88189999998,1584.4436999999998,0.4882181579246544
 Archaea,395.7074,298038.1762999999,585193.4010999999,83632.22589999999,146702.71840000004,1775.5924000000002,0.5362696041937479
 Bacteria,197076.9508000001,133475311.58359963,265853573.67010102,37716821.4125,66170517.87059981,894416.0183999992,0.6281513958662982
 Duplodnaviria,278.69839999999994,228889.82170000003,449233.38459999993,63598.6738,114730.76619999995,1750.0401999999995,0.5230278880035913
 Eukaryota,13485.452500000003,10501167.770800015,20480147.072700057,2845560.1306999964,5065080.162799998,75601.79640000008,0.4360760967492918
 Riboviria,3.6153,2558.5443,5178.0378,732.2952,1306.8081,22.0623,0.548124112961622
 Varidnaviria,19.331699999999998,11677.1032,22874.175300000003,3313.9413,5702.3158,101.8809,0.4601553883233069
 unclassified viruses,25.338799999999996,21725.2704,41624.0929,6261.023700000001,10337.1161,172.45180000000002,0.4740596773082483
Unclassified,54914.60789999995,23185616.406899918,45999330.79329999,6529300.85869997,11542684.95590001,184732.6540999998,0.5407042912820755
