Domain,Domain_gene_counts,AA_C,AA_H,AA_N,AA_O,AA_S,GC_adj
 ,47.7131,26110.4964,52517.5809,7574.838299999999,12824.5269,168.04330000000002,0.7061032317716371
 Archaea,591.1562,390073.4092000002,773818.6492999995,106559.75309999997,190735.29440000007,2789.6193,0.48650238189784495
 Bacteria,21465.736399999914,14632499.090899969,29220082.75969997,4183725.3660999998,7290086.361199991,85649.89159999983,0.6883212966924496
 Eukaryota,183.3849,121717.77120000002,240260.2683,34645.717699999994,58514.118200000004,704.335,0.6588700132202974
Unclassified,4094.9345000000003,1593900.1444999995,3209894.3416000027,468298.45420000015,788774.4082000004,9385.759099999994,0.6735591421142485
