Domain,Domain_gene_counts,AA_C,AA_H,AA_N,AA_O,AA_S,GC_adj
 ,461.28770000000003,257436.54079999993,514095.8406000002,73130.85480000002,127872.8464,1735.2605999999994,0.6080169563808503
 Archaea,1007.9766000000009,725876.2855999995,1441858.8545000001,203990.54929999996,359891.62610000005,4293.5529,0.6075174912311899
 Bacteria,987093.2076000177,666338916.7818943,1329992592.0592034,188091875.6351961,331301822.48750424,4368674.718300054,0.631601505177016
 Duplodnaviria,99.2988,51485.7969,102649.4546,15182.399200000003,26356.422000000006,255.2779,0.6264252687181152
 Eukaryota,4080.003199999993,2750309.3759999997,5434786.793199998,763799.6137999999,1351517.7952999992,18359.276100000006,0.5210606422658243
 Riboviria,16.3579,23369.8713,46913.2997,6494.684500000001,12015.2101,205.09050000000002,0.5576384104903204
 Varidnaviria,10.139199999999999,5949.0912,11529.236,1532.0728,2934.4264000000003,24.176,0.5490786697478809
 unclassified viruses,28.127900000000004,18990.201,37034.8383,5183.5017,9302.595099999999,126.19709999999999,0.49166091566473175
Unclassified,126953.11789999988,47306534.10069997,94944354.5980005,13557269.204199938,23639925.6303999,337261.3685999981,0.5930882605586462
