Domain,Domain_gene_counts,AA_C,AA_H,AA_N,AA_O,AA_S,GC_adj
 ,67.76559999999999,38169.181000000004,73729.90519999998,9839.427200000002,18212.6452,261.4445,0.44366274515325776
 Archaea,135.486,85263.06630000002,167934.1571,24432.717100000013,42286.95689999999,586.6119999999999,0.610114242229946
 Bacteria,94328.62910000038,62768057.00920006,125162911.19229986,17722433.653700013,31103032.735300098,417071.361000001,0.6167632862826219
 Duplodnaviria,2.4401,634.426,1242.0109,183.00750000000002,324.5333,2.4401,0.7559999999999999
 Eukaryota,1695.278799999999,1201915.1086999997,2336760.361299999,327648.9663,578462.3269000001,7780.2633,0.47487612745218577
 Riboviria,16.9546,9460.2828,18615.7876,2753.6125999999995,4753.6643,99.4101,0.47552483717657185
Unclassified,11960.249800000009,4053288.2630000003,8096436.46199999,1157734.673000001,2011544.2534000012,30316.134800000003,0.5642099114923854
