Domain,Domain_gene_counts,AA_C,AA_H,AA_N,AA_O,AA_S,GC_adj
 ,113.90889999999999,74331.79750000002,144314.23570000005,19134.6769,36069.104699999996,497.85740000000004,0.4459816091932604
 Archaea,200.0222,140330.08949999997,276818.5627,40037.2711,68875.8129,919.1527,0.5884582356045351
 Bacteria,124657.86940000058,85095213.9449005,169240286.43709856,24014356.322899856,42073527.862099886,551233.5934999988,0.5929917337244461
 Duplodnaviria,1.7186,995.0694,1892.1786,276.6946,474.3336,5.155799999999999,0.601
 Eukaryota,2640.9930999999942,1916216.9834999975,3727656.458899999,514173.4756999998,915394.6617999997,12198.279500000006,0.40059816971615975
 Riboviria,5.601,3186.969,6379.539,935.367,1669.098,16.803,0.342
 unclassified viruses,3.3784,2631.7736,4902.0584,706.0856,1297.3056000000001,13.5136,0.446
Unclassified,17790.818700000007,6450465.05039999,12835242.831400001,1823104.719800003,3195358.3406000035,47488.93139999976,0.5309945521830469
