Domain,Domain_gene_counts,AA_C,AA_H,AA_N,AA_O,AA_S,GC_adj
 ,58.40679999999999,24795.490699999995,49317.7676,6805.2252,12501.7615,320.4760999999999,0.5572868350806023
 Archaea,623.1220000000001,382161.9588999999,756607.9966000001,104935.81840000003,188354.11940000003,2317.1400000000003,0.4393383672394291
 Bacteria,25453.41449999998,16513191.883799994,32883494.670800082,4710802.087200005,8109563.767099986,112586.27440000013,0.6201039931018764
 Baculoviridae,3.0956,600.5464000000001,1216.5708,170.258,306.4644,3.0956,0.299
 Duplodnaviria,10.025,5435.4115,10860.6962,1501.6072,2689.979,34.7047,0.4862761705141119
 Eukaryota,106.94850000000001,73199.90510000002,143745.59079999998,20003.138600000002,35258.6509,695.0572999999999,0.4665113809246893
Unclassified,4466.261099999986,2118174.9897999996,4184658.355199999,585377.5632,1047345.9198,15046.96770000001,0.47192067344243044
