Domain,Domain_gene_counts,AA_C,AA_H,AA_N,AA_O,AA_S,GC_adj
 ,910.8491999999998,491418.9278,979396.1093000004,141177.19130000006,246608.8945,2939.6999000000005,0.5940222349197636
 Archaea,2589.0100000000025,1740272.2753000006,3451688.178700001,481364.8467000005,855431.0169000003,11550.749300000007,0.49728026984975976
 Bacteria,756511.6422999891,502474712.47120684,1004272760.3913051,143607849.44609967,250480922.63390255,3172422.702599968,0.6538921144106358
 Duplodnaviria,89.5254,35226.583600000005,71437.29250000001,10375.465100000001,17805.0117,266.4178,0.661243223298581
 Eukaryota,6384.839900000002,4086791.0788000003,8060208.906299996,1129398.7981,2008490.994599999,27362.407599999988,0.5089291514730689
 Riboviria,37.4891,26197.430800000002,51121.9615,7741.3087000000005,13086.8272,199.3071,0.4957523500665884
 Varidnaviria,2.7831,704.1243000000001,1469.4768000000001,189.2508,328.4058,2.7831,0.679
 unclassified viruses,5.7622,3733.1179999999995,7211.449200000001,967.7099999999999,1668.8776,20.025,0.3849934575178604
Unclassified,165301.9988000001,63509999.17480025,127512897.08520034,18321082.919800024,31813975.444599845,461500.0562000016,0.6178516092022202
