Domain,Domain_gene_counts,AA_C,AA_H,AA_N,AA_O,AA_S,GC_adj
 ,14.0382,8612.6479,17091.8327,2481.0479,4303.3729,40.6043,0.6573818497178533
 Archaea,312.6022,226929.0964000001,445878.51610000007,64621.659700000004,108670.07350000004,1673.9278000000002,0.5363224400707212
 Bacteria,53448.313900000096,35140013.61430001,69970114.91050014,10037864.859899977,17225556.158499952,240191.5411000004,0.6158587382763839
 Duplodnaviria,2.9516999999999998,1238.0665,2564.0535,392.47029999999995,622.1890000000001,5.9616999999999996,0.6382070396975598
 Eukaryota,129.17239999999998,57002.36460000001,114127.42450000001,16481.726499999997,28217.311999999998,547.5313,0.5718166256570772
 unclassified viruses,2.1062,1265.8262,2521.1214,347.52299999999997,652.9219999999999,6.3186,0.45399999999999996
Unclassified,6271.057200000002,2062971.7057999999,4139246.3086999976,596397.6801000007,1022668.0301999993,16736.447799999976,0.586676099535885
