Domain,Domain_gene_counts,AA_C,AA_H,AA_N,AA_O,AA_S,GC_adj
 ,759.6073000000005,398125.3760000001,786272.1732000002,101774.56459999998,186975.7217,2451.267599999999,0.4241766838426971
 Anelloviridae,2.8501,1339.547,2599.2911999999997,376.2132,595.6709,5.7002,0.504
 Archaea,354.88660000000004,225926.81900000002,450266.0137999999,63578.6696,112865.18879999999,1858.6720999999998,0.5875036762917843
 Bacteria,398803.81509999844,273919910.4639005,545962688.6388029,76960748.55779974,136137579.32250112,1842628.1995000173,0.6095196887979408
 Duplodnaviria,21.3545,11884.5937,23810.109599999996,3439.048799999999,5933.9207,95.7236,0.5886459138849931
 Eukaryota,14889.690899999965,11463292.66959996,22348138.842700046,3002087.726500001,5463855.368499996,76995.1531000003,0.40223586064913386
 Riboviria,18.9875,9951.0107,20018.8031,2761.0799,4999.7861,128.5306,0.5016664406222218
 unclassified viruses,16.396,13592.813600000001,26444.2497,3610.7569,6891.523799999999,83.4888,0.48496945922875634
Unclassified,81795.79879999964,30878113.042999975,61643352.22399992,8688631.639000015,15330460.146799989,230998.99840000103,0.5475586920825904
