Domain,Domain_gene_counts,AA_C,AA_H,AA_N,AA_O,AA_S,GC_adj
 ,166.25850000000003,102271.26369999998,203680.91379999992,29254.626399999994,51069.3228,709.7165,0.6449083789189464
 Archaea,941.7861,545948.7368999999,1086762.6659999995,152479.62300000008,272555.7307999997,3393.8124999999995,0.5877940036800242
 Bacteria,212758.24729999882,138643326.04619938,277070882.22979873,39592141.130599454,68886085.5243999,881884.0699999948,0.6631315313767965
 Duplodnaviria,10.531199999999998,4042.6468999999997,7981.7296,1158.4886,1990.4334999999999,31.698900000000002,0.6908730943549695
 Eukaryota,747.5369000000001,411693.45189999975,825002.0549999997,119314.8914,207042.97310000006,2456.539300000001,0.658686950216709
 Varidnaviria,3.3648,2308.2527999999998,4354.0512,585.4752,1036.3583999999998,6.7296,0.6940000000000001
Unclassified,31453.323999999997,11236702.642399985,22689918.041900117,3277129.875100003,5630182.855699982,76899.55620000017,0.6633637615558605
