Domain,Domain_gene_counts,AA_C,AA_H,AA_N,AA_O,AA_S,GC_adj
 ,500.2231,328608.53119999997,653521.6237999997,92424.31499999999,162337.2372,1722.8279,0.6817038729272376
 Archaea,3261.697999999996,2302575.2856999976,4609949.193700005,656756.5908999998,1151915.200799999,12931.01419999999,0.6641564631298377
 Bacteria,637443.1364999986,443664392.3477018,890200938.6390015,127720943.35719931,223226343.20859933,2575592.810200013,0.6944672400841496
 Duplodnaviria,55.1472,35431.4366,71637.2568,10112.4126,17398.1547,260.09770000000003,0.6992991851635362
 Eukaryota,3610.0499000000004,2438811.4352,4917336.887400001,705330.2055999996,1236913.3641000004,13462.741200000004,0.7033198120927387
 Riboviria,19.1223,7547.8124,15181.806700000001,1992.6497,3703.966,24.3613,0.7003642599586013
 Varidnaviria,8.0996,5961.305600000001,12278.993600000002,1636.1192,3320.8360000000002,8.0996,0.741
Unclassified,123079.9574999996,50534249.74699983,102150994.66270067,14693821.508499954,25613408.12999992,302592.7917000007,0.6956201293173093
