Domain,Domain_gene_counts,AA_C,AA_H,AA_N,AA_O,AA_S,GC_adj
 ,731.1567000000002,428469.70409999974,838237.3384999997,110212.30529999998,202000.2132,2762.5515000000023,0.43441858454562515
 Archaea,564.3449999999997,396726.6049000002,790628.0499999999,110607.61259999995,198992.24440000008,2650.1101,0.5916870682718264
 Bacteria,564226.8933999899,402469780.95349985,802270502.1670938,112867675.59689973,200745996.5381987,2636522.1575000123,0.6161502419819134
 Duplodnaviria,94.94269999999999,63482.6153,126093.97360000001,17776.535,32410.0861,467.20820000000003,0.5477727644345609
 Eukaryota,29762.07199999994,18882866.671900008,37054369.6279999,5050396.37599999,9141978.385800015,128835.53279999968,0.43851331579600106
 Riboviria,61.7921,32814.1664,63973.24859999999,8610.1026,16999.1865,297.4078,0.40310973206587386
 Varidnaviria,11.7286,3512.3878,7359.5496,1074.96,1844.0918,40.541199999999996,0.3947587720184385
 unclassified viruses,26.5046,14490.4244,28900.355199999998,4115.879,7345.0941,86.8791,0.5218517220362604
Unclassified,183523.63630000048,64186428.86999991,127613252.35290022,17595555.35929998,31245704.74359992,425993.82509999804,0.49640126009286745
