Domain,Domain_gene_counts,AA_C,AA_H,AA_N,AA_O,AA_S,GC_adj
 ,1390.3850000000004,898555.2666000003,1788160.2215999998,253467.98260000008,449369.23820000025,5851.005200000002,0.5955232719457126
 Archaea,4557.119000000005,2938973.1108999997,5848266.436200001,823044.3056000005,1455725.7082000019,18439.059199999985,0.575830107891148
 Bacteria,1776424.0993999979,1252077215.2905927,2495085934.030172,354389065.99879855,619826058.270807,7919606.550800046,0.6139348193927151
 Duplodnaviria,196.74729999999997,153808.42489999998,305208.8282,43600.55000000001,77995.78879999998,961.5469,0.5749048078173231
 Eukaryota,14682.675999999978,9434646.092700008,18554656.505200025,2618565.8918000017,4612290.914600003,66909.6956000001,0.5122699450795221
 Riboviria,64.0062,42957.835,84612.5787,12191.922299999998,22022.7964,396.1253,0.6133279175570713
 Varidnaviria,29.7455,20625.644800000002,41546.44759999999,5795.1777999999995,10248.8354,119.0074,0.528372261953111
 unclassified viruses,6.3224,796.6224,1618.5344,214.9616,398.3112,6.3224,0.59
Unclassified,295157.50480000104,111557537.10610047,223766530.6220019,32048354.073399637,55572071.054300256,819417.5527000041,0.5916119281735394
