Domain,Domain_gene_counts,AA_C,AA_H,AA_N,AA_O,AA_S,GC_adj
 ,22.7254,24134.132599999997,47082.784199999995,5976.340200000001,11392.6088,120.43979999999999,0.35359643835338
 Archaea,24.5104,17673.693900000002,33160.109800000006,4685.2928,8858.2953,42.2215,0.48156416349239956
 Bacteria,4770.317299999994,3133004.011500005,6239111.676700006,894278.2369000005,1542478.8613999996,20037.173599999976,0.6055109122983908
 Eukaryota,1306.0082,997425.2707,1936766.8671999997,266213.52100000007,475017.23699999996,6876.101599999998,0.4115499018473621
Unclassified,2215.0860999999995,911655.8616999997,1800579.6560999996,256862.98390000014,454461.8030000003,6932.075899999999,0.5047378940909742
