Domain,Domain_gene_counts,AA_C,AA_H,AA_N,AA_O,AA_S,GC_adj
 ,125.47989999999999,96820.78799999999,194421.16929999995,28446.760899999997,49452.3894,578.0339,0.68076306883488
 Archaea,733.2043000000002,471570.8437000003,943507.3947000002,131640.94509999995,236145.19319999995,2882.3448,0.5979384960260724
 Bacteria,187438.82159999938,123169758.88969937,246156947.86999875,34972135.44160014,61786552.732199915,778352.1648000049,0.6737579064664598
 Duplodnaviria,27.5883,26364.244199999997,53242.081,7208.683999999999,14381.5519,133.6522,0.6477204163194124
 Eukaryota,1075.2916000000005,819012.1694000004,1628432.921300001,232126.00089999996,409013.7349,5260.923199999999,0.5875836884718664
 Monodnaviria,8.4176,2912.4896,6119.5952,850.1776,1506.7504000000001,16.8352,0.706
 Varidnaviria,9.403,5003.5617999999995,10949.111799999999,1556.6934,2666.9832,6.889800000000001,0.7387873763126127
Unclassified,29510.90300000008,11416207.16570001,23026188.100299995,3306225.5509000025,5757238.417499946,70989.01359999979,0.6631512919623542
