Domain,Domain_gene_counts,AA_C,AA_H,AA_N,AA_O,AA_S,GC_adj
 ,456.3279999999999,270747.35310000007,543033.6938,77063.19240000001,134120.7955,1731.5989999999995,0.6455183940131728
 Archaea,1169.5106000000005,828835.2532,1641619.0422,232764.48539999995,408713.5361999997,5053.514299999996,0.6469579833987256
 Bacteria,450892.08229999646,314217453.77900237,627439412.9517937,89755297.12419932,156567228.379499,1938049.6458000196,0.6667486511872868
 Duplodnaviria,32.9027,21028.6646,41492.419,5630.4478,9771.941,155.9027,0.6693466433362671
 Eukaryota,3746.6332000000066,2721366.7880999995,5349142.342200005,754021.0799999996,1325228.1685000004,15808.579400000008,0.5347656002733373
 Riboviria,27.9331,8831.1752,17315.5442,2464.2129999999997,4339.3014,48.3138,0.5981449018883661
 Varidnaviria,4.5794,2770.537,5289.206999999999,746.4422,1355.5023999999999,22.897,0.7070000000000001
 unclassified viruses,20.6032,4011.2375999999995,8285.8884,1186.5268,2170.9946,65.53739999999999,0.7036878685791506
Unclassified,82459.3093000002,31508169.342799965,63433465.697000295,9118884.067999965,15823223.045400074,210729.87060000066,0.6503457594435967
