Domain,Domain_gene_counts,AA_C,AA_H,AA_N,AA_O,AA_S,GC_adj
 ,60.9809,31688.162499999995,61746.743200000004,8127.3764,14489.680100000001,143.83910000000003,0.3586753373365044
 Archaea,59.7376,40496.1887,78537.0433,11346.905300000002,19956.839199999995,188.12890000000002,0.5792088995231819
 Bacteria,42170.55520000011,27835110.485000025,55487495.82890004,7888481.765100002,13821965.851900004,183248.4026999998,0.6298946613401732
 Duplodnaviria,5.9906,1893.0295999999998,3765.0921,524.1775,940.5241999999998,11.9812,0.3635327868852459
 Eukaryota,1549.000900000001,1116806.7802000002,2166362.799500001,293020.14709999994,528419.0885,7099.0068,0.40228305088596883
Unclassified,5903.0497,2126399.877600001,4236933.612099995,606247.2601000001,1054805.0911,16817.441100000007,0.5431095775124793
