Domain,Domain_gene_counts,AA_C,AA_H,AA_N,AA_O,AA_S,GC_adj
 ,209.0039,133574.27319999997,266554.522,36426.98939999999,66437.88539999997,808.2268999999999,0.5418684365377487
 Archaea,6904.106300000018,5515584.4078,11035283.154800007,1509800.2693999999,2750807.9049999975,39695.12319999995,0.4955666133309076
 Bacteria,179259.7616999986,121312659.97139986,242270752.96350035,34065962.890300006,60025175.705600195,832700.0107000131,0.6267970904325851
 Duplodnaviria,22.5795,11940.3812,23956.068600000002,3375.0142,5804.7294,69.9146,0.5596482086395544
 Eukaryota,587.4209,328304.94510000007,657162.8627,92667.37370000003,163329.52000000008,1949.4524999999987,0.6213276815648967
 Varidnaviria,3.4966,2447.62,4779.8522,632.8846,1286.7488,3.4966,0.503
 environmental samples,3.2595,704.052,1496.1105,211.8675,352.026,9.778500000000001,0.645
Unclassified,27589.832500000077,10804388.691399995,21703194.170800027,3029661.7992000035,5372464.675099996,67786.48400000032,0.5872033826133973
