Domain,Domain_gene_counts,AA_C,AA_H,AA_N,AA_O,AA_S,GC_adj
 ,182.73909999999995,104234.76559999997,206214.7158,28496.818,50625.45579999999,657.1523,0.6313945715411837
 Archaea,2515.2140999999997,1608497.1058999982,3216941.6261000014,450221.0079000003,798640.4742999987,10452.776900000008,0.6185920267513485
 Bacteria,226864.29910000117,146219845.0028995,291980127.7080978,41442622.54330014,72411392.80279951,952743.042900005,0.6427045345120761
 Duplodnaviria,27.725300000000004,21394.086099999997,42422.1312,6066.298199999999,10745.163900000001,136.51390000000004,0.6319019051546306
 Eukaryota,687.9393999999999,356487.5543999998,701037.8520999992,98158.3039,172645.61229999998,2406.8945000000003,0.5153106184263747
 unclassified viruses,3.0718,2199.4088,4325.0944,589.7856,1056.6992,18.4308,0.588
Unclassified,15692.896000000042,4859756.886000002,9773892.31500002,1401019.0508000043,2419126.124200002,37804.02569999993,0.6069468157612882
