Domain,Domain_gene_counts,AA_C,AA_H,AA_N,AA_O,AA_S,GC_adj
 ,159.81580000000005,67281.12800000001,133697.33789999998,18724.0787,33577.60999999999,449.5727,0.6101726599926879
 Archaea,1682.2141999999997,1041913.5425000009,2070712.5912000008,283925.6205999999,514472.24989999965,7772.720800000002,0.4694738102432019
 Bacteria,242833.6659000004,153229290.84899992,306186403.3220012,43808781.2635999,76351801.7954998,1006224.1501000026,0.663253646523254
 Duplodnaviria,120.32180000000002,118581.16189999999,234120.8036,32042.287000000004,59316.69699999999,695.8575000000001,0.4629876309699783
 Eukaryota,1217.0709999999988,740959.9297,1455413.3195999998,206302.32960000014,362235.53069999977,5415.483499999997,0.47344260970855434
 unclassified viruses,6.8558,5953.8528,11717.132000000001,1623.0493999999999,2989.3716999999997,31.0443,0.5001936807042481
Unclassified,27980.551100000066,9305186.186299954,18688710.708399996,2693844.8856000016,4647949.746699988,70087.00729999992,0.6075867789888177
