Domain,Domain_gene_counts,AA_C,AA_H,AA_N,AA_O,AA_S,GC_adj
 ,263.7286,134596.64870000005,270144.60770000005,38704.7691,67136.4152,934.9356999999998,0.6310676513078273
 Archaea,904.8806999999999,540214.8881,1079795.6455999992,150889.98099999997,270115.44070000004,3545.5865000000017,0.572726016723574
 Bacteria,268765.54489999614,174053094.06609985,346740622.03420126,49135481.043800205,86300043.39190072,1158613.7692999938,0.6330974483829684
 Duplodnaviria,28.0011,13603.110499999999,27364.0509,3931.8647,7012.4181,142.10289999999998,0.6008204575430556
 Eukaryota,767.1642000000003,405753.1202000003,812665.334099999,116442.30330000006,202664.1851000001,2874.9923999999996,0.623257460303874
 Varidnaviria,3.2445,2498.265,4805.1044999999995,704.0565,1216.6875,29.200499999999998,0.5770000000000001
 unclassified viruses,6.586399999999999,3583.4190999999996,7252.764999999999,1036.9996,1899.2319,46.0036,0.6519667501122088
Unclassified,40628.29330000001,15126988.233000044,30361860.42790005,4339179.985900013,7562711.1976000015,106028.34509999985,0.618439522617488
