Domain,Domain_gene_counts,AA_C,AA_H,AA_N,AA_O,AA_S,GC_adj
 ,164.67640000000003,56164.9632,112866.0603,16122.8181,27663.5701,274.1888,0.6589260330756725
 Archaea,543.3444999999998,500011.64220000006,986559.2202999999,141914.06089999995,237829.06199999992,3050.0675,0.5212072461631193
 Bacteria,127156.34099999962,84934532.00150017,169959582.3015001,24444621.280100066,42354701.90499998,549483.8511000025,0.6631255481481024
 Duplodnaviria,25.412599999999998,28474.5847,55898.3689,7733.1057,14181.5982,279.29789999999997,0.601358294610645
 Eukaryota,595.8083000000003,364795.69419999997,728966.5157000002,103553.47670000003,181666.53389999998,2362.5395,0.6403798954316375
Unclassified,24074.15059999999,9595162.195300004,19252909.045699995,2766308.937900001,4788955.032399992,66849.49699999997,0.6359204460578657
