Domain,Domain_gene_counts,AA_C,AA_H,AA_N,AA_O,AA_S,GC_adj
 ,608.0433000000006,324825.1917999999,647770.0945999998,91575.864,157907.58859999996,2063.506,0.5533988851705816
 Archaea,3565.5575000000026,2174264.362700001,4342079.6400000015,603086.4284000003,1073967.1726999993,14052.085000000014,0.5392364911598784
 Bacteria,562900.5868000032,381155199.48539895,759609458.3692944,108095484.27450013,188117040.16269922,2488897.690799998,0.6091971388340863
 Baculoviridae,6.3217,8053.8458,16468.0285,2357.9941,3780.3766,44.2519,0.5870000000000001
 Duplodnaviria,58.80080000000001,31396.9149,61395.637900000016,8865.698300000002,15366.137600000004,243.5302,0.5715714240479186
 Eukaryota,2811.0647999999974,1835125.4425999983,3603795.2636999995,502596.4100999998,888482.2457999997,13199.540799999993,0.4689695710937302
 Riboviria,13.8903,8120.366400000001,16667.6388,2274.0216,4273.7979000000005,90.43410000000002,0.45712404528327494
 unclassified viruses,2.747,983.4259999999999,1977.84,247.23,499.95399999999995,10.988,0.616
Unclassified,81643.14420000005,29099319.659099966,58369059.798699886,8360877.106500019,14465473.2954001,224696.66430000003,0.5785132507688754
