Domain,Domain_gene_counts,AA_C,AA_H,AA_N,AA_O,AA_S,GC_adj
 ,159.8239,105220.65070000003,207105.80359999996,29512.0188,52238.2411,540.3482000000001,0.5500981287805038
 Archaea,304.5913,217431.94249999995,430327.8565,62289.38890000001,107415.2843,1450.8622000000003,0.622590865094767
 Bacteria,178795.90730000078,121654675.69319989,242637136.51179945,34433937.154,60302398.25839971,799216.8533999977,0.6248640603301142
 Duplodnaviria,59.234300000000005,62942.5334,125041.34749999999,17829.6215,31670.018700000004,560.2193,0.584025883310631
 Eukaryota,10169.612199999994,7043800.240199994,13704733.372499995,1896596.9759000018,3404108.698700003,59422.69019999998,0.4643500609677309
 Monodnaviria,3.3559,2933.0566,6090.958500000001,1070.5321000000001,1466.5283,16.7795,0.684
 Riboviria,17.0987,12826.1514,25226.9504,3407.6396000000004,5622.978800000001,104.8019,0.5028087578636197
 Varidnaviria,3.3487,1637.8681000000001,3438.6227,528.3873,824.3712,24.9899,0.6708959779639001
Unclassified,38901.46819999982,14816336.810700016,29492720.670500003,4199441.700499996,7375945.6443,124055.37169999954,0.555353154521427
