Domain,Domain_gene_counts,AA_C,AA_H,AA_N,AA_O,AA_S,GC_adj
 ,141.0128,62019.60180000001,124023.6711,18024.546100000003,31312.152700000002,494.79150000000004,0.6450285584394843
 Archaea,383.87599999999986,279885.70739999996,544193.4926,76676.28719999998,135955.58379999993,1732.8928999999996,0.51254709726745
 Bacteria,92490.58279999973,61054744.101299785,121601254.63210012,17192882.69169999,30319112.15769988,417363.33289999876,0.6404953449950621
 Duplodnaviria,615.1283999999996,531233.4179000001,1049611.7819999994,145189.02719999998,269406.8904000001,3136.561399999999,0.516284043729952
 Eukaryota,4316.283500000004,3252250.3179999995,6339528.937100002,889569.7668999993,1576906.9807000016,23027.811199999986,0.4268028418883592
 Riboviria,44.94649999999999,58530.31049999999,113492.98019999999,17317.788,29306.296399999996,296.3922,0.40424416684368314
 environmental samples,6.1065000000000005,3019.464,5993.5005,861.1875,1516.923,36.638999999999996,0.6283488166380083
 unclassified viruses,31.5412,31018.3857,60990.5492,8410.8346,15718.610900000001,196.2722,0.5603505980193146
Unclassified,25555.34819999994,11175309.33079998,22199010.88049993,3155211.6369000133,5583818.733200001,85084.19550000022,0.539844490520649
