Domain,Domain_gene_counts,AA_C,AA_H,AA_N,AA_O,AA_S,GC_adj
 ,215.26690000000005,103485.44540000001,205744.9094999999,29057.166299999993,50529.465,562.8645000000001,0.6049718705317044
 Archaea,414.8699000000001,272327.7290999998,537534.4604,77015.87719999997,134980.969,1588.9288,0.6131368224530643
 Bacteria,170401.1222000003,110196673.13070066,220030875.46849996,31279718.04010009,54835119.76210027,706204.6387999998,0.6555118396914146
 Duplodnaviria,109.02640000000001,74868.6357,147313.65780000004,20536.599600000005,37895.3261,481.93550000000005,0.5242272326562308
 Eukaryota,3953.014499999998,2644952.665500002,5188628.237300001,728471.6905000005,1289815.4493000014,19656.4084,0.48187869508766284
 Riboviria,17.287300000000002,7576.9784,14896.3232,2141.5146,3538.0523000000003,32.7064,0.5309446351832207
 Varidnaviria,5.5847,3996.4332000000004,7707.051600000001,1136.3482,2029.9002,33.5477,0.5446233856385061
 unclassified viruses,26.0277,25636.223599999998,49120.143899999995,6946.151899999999,12397.2587,200.0105,0.48188773024427123
Unclassified,34777.110199999996,13755682.914100068,27479338.806599993,3926376.0048000044,6857691.278599996,100530.53199999963,0.5870719920231937
