Domain,Domain_gene_counts,AA_C,AA_H,AA_N,AA_O,AA_S,GC_adj
 ,142.0393,76604.9021,151047.21210000003,21248.774299999997,38064.5057,444.3431000000001,0.6048627417297457
 Archaea,358.55650000000014,212792.60550000003,418772.63850000006,59508.60930000001,106677.18210000002,1487.0986000000003,0.6029012597502242
 Bacteria,324538.27629999525,220692687.3161986,440784356.99459857,62446307.20780048,110195097.46159881,1440008.60509999,0.6406347700670104
 Duplodnaviria,83.32240000000002,60494.7941,119675.78080000001,17137.804999999997,30891.5607,415.99819999999994,0.5512020908085855
 Eukaryota,13455.405399999996,9896606.971600011,19383095.98349999,2716255.8429000005,4858076.845899995,74085.85190000008,0.47659650986603735
 Monodnaviria,4.1995,1952.7674999999997,4241.495,680.319,1003.6804999999999,8.399,0.731
 Riboviria,3.3025,2100.3900000000003,4273.435,581.24,970.9350000000001,9.9075,0.763
 unclassified viruses,18.5515,13330.4704,26021.9192,3631.0412,6322.1621,96.87810000000002,0.5275618396853959
Unclassified,56603.601599999776,21210090.08010007,42370912.78360006,6035885.197199986,10627307.101499993,169367.69149999943,0.5702468548087979
