Domain,Domain_gene_counts,AA_C,AA_H,AA_N,AA_O,AA_S,GC_adj
 ,214.72709999999995,126782.51110000002,250969.63280000002,34860.1294,62563.6184,918.7802999999998,0.6197623067521036
 Archaea,771.8776000000004,539381.0734000002,1067420.5563,156963.42909999995,266023.4006000001,3486.1913000000013,0.6286569021123417
 Bacteria,471462.31339999853,321441047.89829785,640782743.0498965,91082622.3086994,158894117.16189703,2099173.532299968,0.6183589408600895
 Duplodnaviria,67.6337,66029.2403,129176.8413,18357.2177,32888.0146,411.0758,0.5893377728070963
 Eukaryota,1105.5799999999995,615846.9915999998,1229188.4142000005,174303.43160000007,308389.2545,3806.358500000001,0.6266110242399858
 Riboviria,23.5855,4551.8861,9286.396799999999,1255.4388,2436.497,30.2393,0.6305870154982093
Unclassified,62925.23980000001,23139946.0930001,46477485.73259988,6668260.020999981,11552626.58499999,171607.7288000006,0.6037690730288054
