Domain,Domain_gene_counts,AA_C,AA_H,AA_N,AA_O,AA_S,GC_adj
 ,410.7796999999999,237465.8286,474601.5029,68425.17030000001,118067.77519999999,1789.3723000000002,0.6088885444500037
 Archaea,3745.5602999999933,2338232.6480000056,4645689.971699995,635130.5291000004,1155019.2478,16821.833399999992,0.41849702825074603
 Bacteria,524609.4554999992,321229519.1028005,641257434.3340003,91390205.15899898,160046428.2157008,2085267.3635000025,0.6559131270592443
 Duplodnaviria,158.3769,119849.2685,236403.78650000005,33201.5525,60586.85939999998,833.5868999999999,0.5450171609286739
 Eukaryota,2646.075399999999,1509150.986199999,2968388.5785,419661.12850000005,740192.3698000001,10823.2188,0.48186625724097043
 Riboviria,5.8232,2285.4803,4539.6545,734.5726999999999,1111.4678,20.2369,0.33085591254229346
 Varidnaviria,6.6404,3034.5153,6118.2537,701.3241,1391.7893,24.2079,0.5945058167610517
 unclassified viruses,5.5438,3504.4438,6881.1468,962.3148,1932.0776,6.9192,0.5416950312686193
Unclassified,78755.68250000032,28235788.680500045,56632017.76469988,8107838.330899972,14163508.889400063,205764.81440000184,0.6081867950863774
