Domain,Domain_gene_counts,AA_C,AA_H,AA_N,AA_O,AA_S,GC_adj
 ,292.9378999999999,182314.66240000006,363084.6783000001,51154.668699999995,87834.1838,1027.6886,0.5546620281306728
 Archaea,971.2997000000003,691062.2274999996,1374450.5497000008,191443.15249999997,343624.6490000004,4170.194399999999,0.5272539799984348
 Bacteria,319722.34249999444,230248885.35670054,461009520.05859953,66032211.20860025,115286499.9272999,1417618.5843000195,0.6737892572084124
 Duplodnaviria,158.4087,342598.9503,676612.3401000001,98782.7675,169711.9648,2110.6529000000005,0.6246390120673415
 Eukaryota,2421.7580999999986,1834076.2801999997,3633676.3060000003,506867.0160000001,910246.5763000001,12460.588499999998,0.5671962240534079
 Riboviria,19.603099999999998,19966.678200000002,39336.710600000006,5992.6672,10170.412199999999,103.1086,0.4477280245324814
 environmental samples,2.1917,385.7392,760.5199,116.1601,201.6364,4.3834,0.685
 unclassified viruses,21.5781,19356.1781,39062.92289999999,5810.706700000001,9694.6836,99.67130000000002,0.7014376088354615
Unclassified,62959.11140000014,28528838.982800055,57417900.486300305,8243487.498299999,14454065.926799988,197281.43449999965,0.6424985533267085
