Domain,Domain_gene_counts,AA_C,AA_H,AA_N,AA_O,AA_S,GC_adj
 ,131.62429999999998,80847.3925,160167.5986,22773.474999999995,40232.48390000001,514.4547999999999,0.6351053439326515
 Archaea,346.43300000000005,238526.27610000002,475693.4053,67481.1207,118629.51129999998,1509.1563999999998,0.6249939461998417
 Bacteria,256965.68990000314,168088469.89439976,335685646.27780294,47511659.84160049,83522963.80339944,1103974.136399997,0.635119047056505
 Duplodnaviria,19.194300000000005,8497.4183,17108.079899999997,2419.8243,4300.175200000001,52.098800000000004,0.660828577029416
 Eukaryota,1092.8926000000008,649000.4367000002,1264638.9510999997,178676.00670000009,311911.9006000002,5460.707700000003,0.5403690101476645
 Varidnaviria,4.8567,2773.1757000000002,5711.4792,757.6452,1408.443,9.7134,0.401
 unclassified viruses,10.5802,2568.0431,5203.8594,787.0711999999999,1303.3881000000001,26.7832,0.6373743153832563
Unclassified,24513.834399999956,8154441.059000013,16401676.917600038,2350980.3206000016,4080517.9839999997,61025.63649999993,0.6073576858718576
