Domain,Domain_gene_counts,AA_C,AA_H,AA_N,AA_O,AA_S,GC_adj
 ,65.3832,45159.5758,90035.0892,11874.296,22476.599,368.0744,0.6251721976733987
 Archaea,261.67560000000003,182163.7791,362188.4974,51259.67800000002,89709.34100000003,1302.3547999999998,0.5785517620987337
 Bacteria,61170.37550000005,39538428.012800224,79113791.64249983,11373425.67509998,19551234.488899942,256834.80730000028,0.6463648717906388
 Eukaryota,237.72709999999998,102689.8514,204136.57410000003,29497.305499999995,51107.282699999996,637.8339000000001,0.5920972475198896
Unclassified,4497.973100000002,1441684.273399998,2909984.4073000005,419242.0738999998,717730.0565999997,10245.033400000008,0.6265969809854388
