Domain,Domain_gene_counts,AA_C,AA_H,AA_N,AA_O,AA_S,GC_adj
 ,81.04849999999999,41728.5078,82640.10100000001,11934.994199999997,20812.0491,403.11670000000004,0.6211030006036878
 Archaea,157.49249999999998,84798.65069999998,171039.0097,24722.151300000005,42772.36009999998,647.8864,0.6474503414381441
 Bacteria,142506.96179999947,97630513.90390025,195028808.95690167,28109895.67910008,48212906.497699946,650305.9423000028,0.6276000963133825
 Duplodnaviria,88.56939999999999,71031.4564,140017.54150000002,19694.643900000003,36118.843700000005,434.2695,0.5778779560405544
 Eukaryota,609.1046000000003,400191.8397,791996.9924999998,113454.75170000004,196568.60259999995,2976.0715,0.5793644018983172
 unclassified viruses,3.9623,2757.7608,5448.162499999999,780.5731,1335.2951,15.8492,0.555
Unclassified,19519.848100000007,6993271.950199999,14074894.728399996,2040512.345800001,3500529.7337000016,53944.209299999944,0.6101352526572955
