Domain,Domain_gene_counts,AA_C,AA_H,AA_N,AA_O,AA_S,GC_adj
 ,198.17680000000001,106707.93929999998,210963.53690000004,30644.218300000004,52168.515200000016,632.8815,0.6324911621003138
 Archaea,562.8387999999997,402579.3678,796152.4609,114289.8193,198444.95560000004,2332.5225,0.6343361312315822
 Bacteria,296906.88459999894,220402740.5167019,439498334.8015988,62721376.509600416,109431804.11659995,1300912.748199991,0.6325298221794872
 Duplodnaviria,36.2575,33986.9015,66990.7211,9615.634900000001,17130.117100000003,225.48600000000002,0.5809806920651995
 Eukaryota,1724.6465999999984,996636.4118000004,1970208.6715000002,276742.99570000026,486713.6464000002,6260.753199999999,0.525389409567741
 Riboviria,8.9038,6527.8909,12754.4611,1867.3703,3133.2514,30.171,0.703262195693846
 unclassified viruses,6.671200000000001,4678.1926,9197.7676,1334.4332,2485.2484000000004,31.089,0.6143305958586232
Unclassified,47916.52250000005,18040851.838899963,36312676.2370999,5242624.802899978,9035018.476199972,116986.78340000023,0.6327332803191165
