Domain,Domain_gene_counts,AA_C,AA_H,AA_N,AA_O,AA_S,GC_adj
 ,335.0905,202039.51729999992,401109.1645999999,56854.712,99886.61660000004,1518.3790999999999,0.5881959557835011
 Archaea,2792.495399999998,1723915.3555999978,3430050.497900002,475741.90490000014,848525.8354999992,10973.585999999998,0.5397313061226061
 Bacteria,386340.28250000207,265987785.09370288,529796568.41040313,75362131.27799976,131355861.67450029,1704494.3710999913,0.6063919978420044
 Duplodnaviria,27.465800000000005,18867.859099999998,37532.886900000005,5419.436900000001,9672.817500000001,119.76899999999999,0.5914773328824716
 Eukaryota,1226.5748000000015,714007.6162999999,1420557.5429000007,203203.43749999985,354714.1965,4885.3124,0.5999129963830647
 Varidnaviria,1.5714,1543.1147999999998,2958.9462,422.7066,738.558,15.713999999999999,0.37200000000000005
 environmental samples,3.5461,2180.8515,4280.1427,620.5675,1056.7378,17.7305,0.5589999999999999
 unclassified viruses,4.7434,3906.025,7845.225,1153.373,1913.7778,18.2444,0.6007455655713871
Unclassified,68160.8403999998,26376762.478999976,52856100.746800065,7558141.066199997,13130005.256500049,190480.5913000002,0.5854592974937526
