Domain,Domain_gene_counts,AA_C,AA_H,AA_N,AA_O,AA_S,GC_adj
 ,947.4775000000005,688546.5182,1380577.3368,196143.89580000017,344742.1360000001,4146.676900000001,0.6645302353148809
 Archaea,18329.136599999983,13910932.969699988,27765690.312799998,3817191.681199997,6911768.3022999745,102588.31849999994,0.53924622380718
 Bacteria,651143.3301999981,465642983.47539884,932121696.7071086,133666830.22130094,233338686.02269894,2572473.5689000213,0.6938478595463385
 Duplodnaviria,77.1589,36010.03770000001,73281.9113,10797.7195,17654.438100000003,163.2102,0.7202069544576204
 Eukaryota,4375.277800000001,2952886.7743999963,5945180.781100001,861328.7837000004,1480084.0387999974,15179.311100000003,0.7001750048302914
 Monodnaviria,21.6521,13285.757000000001,26629.871000000003,3725.6884,6703.534,86.6084,0.6667610973895262
 Riboviria,16.094099999999997,10977.6657,22209.102,3221.2604,5890.217000000001,77.44239999999999,0.6680005645672201
 unclassified viruses,12.6549,3652.7688,7247.3519,889.0619,1797.974,33.87,0.4939641478601433
Unclassified,169039.20939999828,71360534.36969982,144279609.85430017,20893163.89049994,35927041.76579997,389907.6502000012,0.6939739895002085
