Domain,Domain_gene_counts,AA_C,AA_H,AA_N,AA_O,AA_S,GC_adj
 ,215.4266,164411.04760000005,330299.3245,48279.5649,81884.85119999999,768.2464999999999,0.7105725024326296
 Archaea,4607.0819999999985,2882881.470799998,5750166.255000002,792102.8062000009,1427436.7211999993,21415.063700000002,0.547113053775584
 Bacteria,144061.91419999994,100942563.7075001,202255862.91799954,29279031.01339993,50335278.69909984,537969.9941000011,0.7109547406362069
 Duplodnaviria,43.100300000000004,24288.514000000003,48332.4773,7023.1971,12001.864099999999,200.33350000000002,0.7024002666224942
 Eukaryota,973.3043999999999,603412.4352,1218079.3834000013,180077.32279999997,301228.8258999999,2683.3882999999996,0.7243401015734658
Unclassified,38632.99130000004,15989866.427499996,32341030.032400046,4727462.528799986,7999115.982300015,84160.5861999999,0.7133090267900508
