Domain,Domain_gene_counts,AA_C,AA_H,AA_N,AA_O,AA_S,GC_adj
 ,62.067,41462.4371,82101.1228,11611.7638,20762.7587,239.2063,0.5655877103932361
 Archaea,151.95309999999998,139287.5627,271877.28959999996,39841.221000000005,68847.51819999999,1044.4330999999997,0.5750251953725224
 Bacteria,55781.449799999915,39428162.281499825,78719331.54079977,11278925.542800015,19615515.73749993,267544.33909999934,0.6142819660673575
 Duplodnaviria,493.1714,380500.96739999996,744581.2257000002,104661.4653,191008.97040000002,2731.5625999999993,0.5225930406181405
 Eukaryota,1588.0516999999998,1667116.0520000006,3298552.1134999995,463496.01709999994,830741.5012000002,11354.256299999995,0.48471558898661027
 Varidnaviria,94.7629,70362.64849999998,132164.0352,19627.8262,33417.79750000001,1023.1643,0.4147245649500042
 environmental samples,4.3468,3599.1504,7102.6712,1017.1512,1773.4944,21.734,0.56
 unclassified viruses,248.36399999999995,180066.46819999997,338704.6233000001,50887.4765,86287.42929999996,2520.5097000000005,0.4375379251287728
Unclassified,22100.105500000045,11682884.174800023,23262406.049200013,3298726.090600001,5880637.31940002,89327.97869999979,0.5515430288412566
