Domain,Domain_gene_counts,AA_C,AA_H,AA_N,AA_O,AA_S,GC_adj
 Archaea,76.67030000000001,46124.2154,88727.17329999998,13201.3921,22569.6928,354.7409,0.6178344445260877
 Bacteria,24780.732199999988,16073806.47260001,32131548.02299998,4517740.079599992,8047552.515400018,115920.15130000009,0.6533599479319407
 Eukaryota,155.04549999999998,48565.56970000001,95304.54419999999,13490.789200000001,22642.257700000002,347.44570000000004,0.5787540524244814
 Varidnaviria,1.4361,919.1039999999999,1978.9458,338.9196,450.93539999999996,0.0,0.715
Unclassified,1475.5352999999998,414872.4447999998,833363.7043999998,120200.6229999999,205465.95750000002,2912.0112999999997,0.5992375988025798
