Domain,Domain_gene_counts,AA_C,AA_H,AA_N,AA_O,AA_S,GC_adj
 Archaea,25.9185,21322.7104,41252.2673,5940.597900000001,10504.784,137.5438,0.6654069433303007
 Bacteria,17222.481900000002,11434638.072999986,22851946.328000028,3298009.7215999984,5636517.220900001,75907.20289999989,0.6405774282301192
 Eukaryota,47.4874,31429.025499999996,61274.6308,8481.715600000001,14733.853000000001,215.1723,0.49861154545087205
Unclassified,1595.4418999999982,512217.13479999994,1036399.3974999997,151572.41369999995,258560.80079999997,3989.5128000000004,0.6239287638441989
