Domain,Domain_gene_counts,AA_C,AA_H,AA_N,AA_O,AA_S,GC_adj
 ,43.3145,21579.3724,42973.9406,6081.272800000001,10839.2667,182.58979999999997,0.6963478220172247
 Archaea,177.86699999999996,115338.96149999998,228129.25670000003,31819.879899999993,56818.42349999998,770.4928999999996,0.5573472566147748
 Bacteria,34677.54789999984,23089906.2965,46185202.109199844,6579950.187800019,11581414.232099973,138337.9445999995,0.6976292636807557
 Eukaryota,85.9117,57165.5669,112631.388,16653.4988,28090.886899999998,329.8052,0.7013568817496665
 Monodnaviria,4.6922,1440.5054,3054.6222,436.3746,746.0598,9.3844,0.721
Unclassified,4152.786800000003,1456384.8993999988,2941767.0090999985,429027.04470000014,728535.1121999997,8125.985100000003,0.6998411202008658
