Domain,Domain_gene_counts,AA_C,AA_H,AA_N,AA_O,AA_S,GC_adj
 ,944.4952,640660.5536,1275212.7180000006,176912.07839999997,313678.3110999998,4462.2518999999975,0.5558721182785605
 Archaea,15459.020400000025,10313289.928900013,20566860.0666,2826390.827599995,5094637.935800004,71339.41709999998,0.5206294004502543
 Bacteria,839672.2036999917,597111591.5344033,1188096618.7564163,168063807.770601,295179511.40780103,3955033.878699934,0.5998341237629043
 Baculoviridae,3.8052,742.014,1567.7424,220.7016,361.494,3.8052,0.556
 Duplodnaviria,122.44099999999999,79666.42089999998,156621.37010000003,21677.633499999996,40135.005900000004,527.0606000000001,0.5278032179666221
 Eukaryota,8829.869499999999,5881974.049299998,11590155.605000004,1589466.3942000007,2856588.008100002,37611.285300000054,0.4734267104684451
 Varidnaviria,44.20570000000001,85472.2715,165267.7384,24223.8,41693.15510000001,778.8373999999999,0.5452201782660246
 unclassified viruses,31.417900000000003,24590.690199999997,49258.974700000006,7334.5229,12013.8933,128.1558,0.5980476649340474
Unclassified,185924.3233999979,76555286.19380002,152972785.3056999,21644604.70690021,38150766.602000065,549361.6414999978,0.5808303467411173
