Domain,Domain_gene_counts,AA_C,AA_H,AA_N,AA_O,AA_S,GC_adj
 ,149.0479,110430.87460000001,221957.18970000002,32454.7325,53981.09520000001,547.0427,0.6469542122444709
 Archaea,4318.655899999997,2791814.7303,5567462.626400005,760306.1213999994,1382324.7290999999,20583.224699999988,0.4869860181982541
 Bacteria,92030.9789999997,63397321.30959972,126697821.78699951,18166716.430799894,31683177.885099996,364136.73219999945,0.6925388068852802
 Duplodnaviria,10.549700000000001,6490.572900000001,13086.4377,1965.5741000000003,3384.3495000000003,27.234200000000005,0.6912231046123657
 Eukaryota,415.1912000000002,245495.01260000002,490353.9669,70612.94209999997,121730.81959999999,1347.1994000000002,0.6798733166690304
Unclassified,17488.46330000001,6916106.376499999,13937773.709300006,2025868.3921000035,3458305.0601999983,39137.37600000007,0.6785654767357787
