Domain,Domain_gene_counts,AA_C,AA_H,AA_N,AA_O,AA_S,GC_adj
 ,864.6948000000001,559794.4415000003,1119322.224199999,159132.02120000002,281155.3407000002,3437.6055000000006,0.6368678941348417
 Archaea,2105.305700000001,1434001.0231999995,2869395.727200001,410422.4416000002,719614.4531000002,8798.825299999997,0.6319486935881377
 Bacteria,1024902.1180999771,735928983.734911,1469561112.1167042,208158204.84010112,365981895.08840024,4760288.303500046,0.6298159265522003
 Duplodnaviria,98.49479999999998,62400.473600000005,124363.7512,17801.611800000002,32076.6365,391.1031999999999,0.6178169349368959
 Eukaryota,4815.662699999993,3173976.1964999973,6348721.492999991,897997.0254000006,1592557.9967999998,18726.216599999974,0.6220097435112264
 Monodnaviria,13.7426,7272.1258,14573.2601,2089.2063,3557.7682,67.3886,0.6204837700051905
 Varidnaviria,18.8312,9383.8061,18770.101300000002,2596.7431,4529.444799999999,58.286300000000004,0.6854423297641572
 unclassified viruses,12.0993,4241.3504,8758.8842,1278.9896,2178.8006,32.6535,0.6364494624672301
Unclassified,214970.23990000013,91214270.67729989,183576838.940999,26143561.6336001,45877866.5066001,609908.5753999989,0.626281620747496
