Domain,Domain_gene_counts,AA_C,AA_H,AA_N,AA_O,AA_S,GC_adj
 ,442.26900000000006,311076.3891,623242.3426,89088.74859999996,158847.63350000003,2641.2298000000005,0.5966398445237338
 Archaea,578.1921999999998,454204.301,897770.4892999998,129224.73409999994,226872.05579999986,2858.280999999998,0.6589434542946939
 Bacteria,311137.64480000024,226670989.67099997,452100626.1427057,64140844.948100366,113299281.5055004,1476918.9374000065,0.6687370485649368
 Duplodnaviria,510.9173,425674.65770000004,843027.1038000002,117783.26979999998,216896.41069999995,2510.6448,0.545692793712034
 Eukaryota,2618.749599999999,1925916.905800001,3797087.5729999985,536797.8679999999,951524.7647,13756.102000000004,0.5498331052215947
 Riboviria,5.4268,2496.328,4889.5468,710.9108,1226.4568,21.7072,0.71
 Varidnaviria,11.839599999999999,9582.1982,19190.7572,2723.6706,4821.736400000001,67.7546,0.4301869373035965
 unclassified viruses,24.440199999999997,20982.9078,41689.0496,5791.6296,10664.216400000001,147.8432,0.596577892009656
Unclassified,54385.19979999979,23138149.23999999,46381489.90839985,6671845.493800011,11675819.21960004,166413.8416999994,0.6430537978884631
