,KEGG,GC_adj Bacteria,gene_counts Bacteria
0,K00986,0.6389999999999999,4.9552
1,K02946,0.601,2.0901
2,K07494,0.632,2.9093
3,K07497,0.5770000000000001,3.5271
