Domain,Domain_gene_counts,AA_C,AA_H,AA_N,AA_O,AA_S,GC_adj
 ,423.1075999999999,228837.644,458828.61189999996,64878.490900000004,115392.0021,1624.4634999999996,0.6222660016651851
 Archaea,1890.852600000002,1351545.1181000003,2682575.2378000016,376604.89499999996,660371.391,9309.00309999999,0.5381727341581655
 Bacteria,934082.7216000371,695330669.6960963,1389131597.1154788,196796221.65070152,344845042.9785973,4458307.946700066,0.6245651959092806
 Duplodnaviria,84.7029,56381.60059999999,115901.05309999999,17193.704100000003,30663.3341,247.62150000000003,0.6186521498420103
 Eukaryota,2482.0597999999977,1474890.9311000009,2969651.3504999974,427788.5637,742825.7179000005,8897.425399999996,0.6461770784264833
 Riboviria,19.1524,9103.438,18644.7956,2759.27,4569.834,88.516,0.6553324759532156
 Varidnaviria,10.162500000000001,2813.6855000000005,5835.420900000001,932.6835000000001,1488.1820000000002,17.9329,0.6471810993294674
 unclassified viruses,4.0329,2871.4248,5775.1128,798.5142,1516.3703999999998,28.2303,0.6130000000000001
Unclassified,142545.15059999976,54904769.11499988,110775204.54319952,15875130.602400016,27527149.586100303,376207.0061999977,0.6225812147040604
