Domain,Domain_gene_counts,AA_C,AA_H,AA_N,AA_O,AA_S,GC_adj
 ,99.92360000000001,63270.528199999986,126811.6817,17843.4055,31724.427600000003,342.67350000000005,0.6436510098837375
 Archaea,1526.9085000000005,954505.3410000006,1889361.938000001,257908.6155999999,468637.2165000004,6648.099199999999,0.4182245428170904
 Bacteria,127184.82059999972,82331130.67270014,164093589.66719916,23232059.647,40819784.85110033,559057.5103999985,0.6472095676121531
 Duplodnaviria,1.9006,969.306,1872.0910000000001,252.77980000000002,435.23740000000004,7.6024,0.5770000000000001
 Eukaryota,318.09270000000015,176253.40970000005,351293.95930000005,51099.13330000001,89013.85010000004,1139.3912000000005,0.6134290918927251
 Riboviria,2.8641,1781.4702,3565.8045,564.2277,793.3557000000001,11.4564,0.625
 Varidnaviria,3.5862,871.4466,1728.5484,251.034,376.551,10.7586,0.653
 unclassified viruses,3.6708,3050.4348,5862.2676,884.6628,1446.2952,36.708,0.47100000000000003
Unclassified,15043.070899999953,5273661.815600003,10604286.730000004,1516204.0094000038,2628086.366399996,37666.65799999998,0.6267856062489858
