Domain,Domain_gene_counts,AA_C,AA_H,AA_N,AA_O,AA_S,GC_adj
 ,227.9966,117369.6342,228940.5564,32854.217000000004,57426.25439999998,738.5448999999999,0.5905569380425916
 Archaea,478.79799999999994,289226.61729999987,576124.2159000001,82090.17109999995,145082.4203,1887.4120000000003,0.64472805964715
 Bacteria,435474.94100000005,310165603.5139988,620331374.2095996,87920923.5545996,155521044.98589858,1980117.9898000092,0.6686033386233493
 Duplodnaviria,173.27309999999997,134035.97650000002,264215.3299,38180.3783,66637.9373,911.6785,0.6179646648939637
 Eukaryota,2576.8284000000012,1685465.9748000007,3326036.0863999976,469653.1177999997,826722.9003999997,11170.678099999986,0.5098876498856789
 Riboviria,6.5062,10082.58,19398.7694,2993.559,4902.0516,54.261,0.3794890566293883
 Varidnaviria,4.3104,2771.5872,5698.3488,784.4927999999999,1504.3295999999998,47.41439999999999,0.5929999999999999
 unclassified viruses,12.7173,4738.8776,9381.6972,1306.5088,2401.1012,34.4366,0.6615388850189409
Unclassified,64592.748099999684,27548218.30329997,55431187.369200245,7934034.140000026,13952000.167499939,176857.7795999995,0.6557643164443608
