Domain,Domain_gene_counts,AA_C,AA_H,AA_N,AA_O,AA_S,GC_adj
 ,500.76830000000007,301620.1672,599587.0747,82413.73569999995,148134.08369999996,1855.5670000000005,0.5428282938973558
 Archaea,1291.8212,882629.6896000003,1755868.3250000002,248895.87499999983,438206.27480000036,5417.3481999999985,0.630575520849143
 Bacteria,1015415.1643000116,686062480.4205996,1371657993.7650924,194929426.262903,343929244.6248,4299257.337800034,0.6488623686189559
 Duplodnaviria,199.63560000000004,139070.7932,275903.3190999999,39550.9077,69616.8499,1228.5420000000001,0.5792725768074686
 Eukaryota,13575.768199999984,8904414.032199994,17492682.88149995,2438189.0457000015,4329980.656200003,61065.46800000006,0.4895961111042701
 Riboviria,8.3249,3979.1180000000004,8190.1756,1099.7366,2097.8622,16.6526,0.6135202562199067
 environmental samples,6.8821,1011.6687000000001,2092.1584000000003,302.8124,584.9785,13.7642,0.657
 unclassified viruses,31.6497,36297.6209,69680.0861,10082.9361,17212.8785,313.4175,0.46881121945299725
Unclassified,167104.261399998,65158284.94730047,130798885.97770023,18650494.510499936,32833961.877700012,454861.29779999965,0.6152610824712195
