Domain,Domain_gene_counts,AA_C,AA_H,AA_N,AA_O,AA_S,GC_adj
 ,23.0265,15995.429999999998,31830.9316,4597.4295999999995,7860.6104,106.09699999999998,0.5450155422852102
 Archaea,14.963999999999999,9689.483,19321.392,2919.211,4845.2235,101.26650000000001,0.6700782017515993
 Bacteria,27397.386299999962,17540665.271900013,35126490.39460004,4938072.556399987,8768073.599900013,124221.60359999994,0.6411985644322672
 Duplodnaviria,7.2216000000000005,2463.8368,4833.4768,656.5968,1275.1216,18.5608,0.5095764544882598
 Eukaryota,653.4608000000004,469948.68650000024,922285.0164999999,133401.9375,228303.42460000006,3270.4377999999997,0.5108618029226556
 environmental samples,3.155,2470.365,5006.985,697.255,1224.1399999999999,31.549999999999997,0.442
 unclassified viruses,2.8551,1975.7292000000002,3848.6748000000002,576.7302000000001,942.1830000000001,8.5653,0.664
Unclassified,3454.969199999997,1370218.9814999984,2745972.857599997,391943.5316000001,693803.5913999991,10203.551800000005,0.5921661928358551
