Domain,Domain_gene_counts,AA_C,AA_H,AA_N,AA_O,AA_S,GC_adj
 ,132.098,88437.55380000001,176290.0105,25141.118099999996,43247.364199999996,510.40489999999994,0.626643257182152
 Archaea,440.45029999999997,372841.3475000001,737267.2622,105817.54500000001,177695.76689999996,2239.614700000001,0.5012872266264108
 Bacteria,152019.9549999995,100534757.55079998,201133960.24300084,28855347.74659999,49987707.943000026,642183.0243999952,0.6480949514411655
 Duplodnaviria,5.1678999999999995,1531.7552,3132.5478999999996,455.0131,816.413,5.1678999999999995,0.6956246772862388
 Eukaryota,427.8455,241836.6909000001,483198.9479999999,70272.68639999996,120877.45479999996,1424.0453999999997,0.6478586446186853
 Riboviria,5.6103,2625.6204,5430.770399999999,673.236,1217.4351,22.4412,0.677
Unclassified,16456.072400000023,5999219.18420001,12103383.355400024,1744079.9591999988,2997261.2812999994,41348.606099999924,0.6340921899498759
