Domain,Domain_gene_counts,AA_C,AA_H,AA_N,AA_O,AA_S,GC_adj
 ,252.6821,159640.3114,320679.5641000001,45196.857899999995,81003.87210000002,923.4556,0.6373118952485496
 Archaea,760.7312000000004,505678.70069999987,1010705.1285000005,144240.0551,252675.98610000007,3153.3070999999995,0.6306561170195164
 Bacteria,531676.9271999957,371524692.00680554,742605042.534999,105569997.68499899,184679022.10639924,2432107.6528000454,0.6383371893391081
 Duplodnaviria,36.831500000000005,17406.538099999998,35516.202,5163.7408000000005,8944.2216,122.172,0.6428167077749837
 Eukaryota,1802.2529999999997,1123458.7202000006,2238987.0365999984,318361.07559999963,558938.9727000002,6439.654099999999,0.6300341181608955
 Riboviria,6.8616,3014.8948,6261.359200000001,906.3404,1698.4566,83.2906,0.695
 Varidnaviria,3.6078,2676.9876,5130.2916000000005,743.2068,1212.2208,10.8234,0.699
 unclassified viruses,13.7283,8952.9675,18422.4602,2667.4366,4933.108,35.1392,0.7003260810489477
Unclassified,87551.92800000012,33205148.592199992,67079963.92769992,9689450.189300042,16712010.38289993,225710.81939999995,0.639459736460981
