Domain,Domain_gene_counts,AA_C,AA_H,AA_N,AA_O,AA_S,GC_adj
 ,1920.6942000000001,1254801.4259000004,2524745.792700001,360808.38389999996,634867.1752000002,7135.534100000005,0.6622571556334002
 Archaea,39676.76010000013,34861709.11320005,69493338.67850007,9523859.971099997,17306012.20169991,256996.7077000004,0.5135256354620424
 Bacteria,1391422.2084999993,949599863.9457085,1899124853.2823343,271980237.72270083,476306705.1404974,5382540.681799994,0.6824471639531478
 Duplodnaviria,183.3593,119766.22329999998,240214.33610000004,34646.2783,59938.421800000004,661.69,0.693832817804135
 Eukaryota,8165.654700000009,5232439.575200003,10508813.97409998,1523108.079500001,2635599.142400005,27226.197200000006,0.6878726431729837
 Riboviria,51.72010000000001,36544.8361,73414.3869,10632.770900000003,18736.000799999998,208.6873,0.600726126645817
 Varidnaviria,46.9013,16630.4957,33171.4445,4773.186299999999,8534.9798,80.91300000000001,0.6622258804126121
 unclassified viruses,5.5815,5151.7245,9929.4885,1691.1945,2394.4635,44.652,0.659
Unclassified,356967.6064999962,149717381.19429934,302226834.1924978,43645920.83389952,75540566.19520038,841760.034899994,0.6808983721642653
