Domain,Domain_gene_counts,AA_C,AA_H,AA_N,AA_O,AA_S,GC_adj
 ,536.7208,269451.5391,538253.4853999999,74706.03319999999,133749.55090000003,1587.2577,0.5650085104126215
 Archaea,970.0380000000001,561558.9119999998,1116924.1961000005,158603.27729999996,281782.9688999999,3327.4978000000006,0.6160985267433314
 Bacteria,784466.8576000025,515529560.98660016,1029914030.72221,146003923.05640104,257065924.16279605,3330860.910399984,0.6388003557246589
 Baculoviridae,8.1474,6729.752399999999,13964.6436,2036.85,3299.6969999999997,48.8844,0.436
 Duplodnaviria,30.688799999999997,17195.121499999997,34109.5734,4798.7928,8470.6084,119.4335,0.5612940731420039
 Eukaryota,9105.805899999994,6226520.136099997,12195571.976600002,1680696.2245999996,3006854.5053000012,43589.04889999996,0.4541407630014224
 Riboviria,21.8105,18462.8869,36872.1141,5661.2997,9545.3865,162.74580000000003,0.5782500222868893
 Varidnaviria,5.3567,3158.5606,6489.2945,983.9277,1650.0065,48.210300000000004,0.6590766322674821
Unclassified,121400.3872999995,43943962.7764,88380400.1147997,12634280.923799988,22043276.98880026,313638.5039000002,0.6160927851258471
