Domain,Domain_gene_counts,AA_C,AA_H,AA_N,AA_O,AA_S,GC_adj
 ,29.9515,17436.9358,34936.0501,4952.656300000001,8922.029199999999,74.8536,0.6322479566529323
 Archaea,14.4879,8946.1109,17685.5393,2514.6957,4523.0004,64.6584,0.592158392840144
 Bacteria,16206.10160000002,11056631.208300004,22103273.973100018,3219568.24850001,5418121.975200004,74572.1645000001,0.6248744958136145
 Duplodnaviria,6.833600000000001,2369.9624000000003,4987.3676,769.1724,1204.0052,11.2204,0.6222729269494223
 Eukaryota,45.775800000000004,22585.1517,44139.872,6296.6952,10941.258299999998,193.95059999999995,0.48406731380265966
Unclassified,2298.2116,821668.1903000001,1649929.4310000006,239088.54860000013,412673.2564000002,6193.217500000007,0.6095823356167132
