Domain,Domain_gene_counts,AA_C,AA_H,AA_N,AA_O,AA_S,GC_adj
 ,535.2999000000001,290410.5287000001,567561.9535000001,72645.6007,133314.8262,1602.2275000000002,0.39973909094538984
 Archaea,255.60839999999993,209557.47870000012,414135.71619999997,60124.71080000001,101099.1979,1230.7286000000001,0.5641776998244078
 Bacteria,402864.54950000026,270151291.50030196,539084216.3452032,76285132.76640053,134408639.85259965,1815840.0760000097,0.6278661300241433
 Duplodnaviria,46.137699999999995,15997.11,31929.096000000005,4753.5380000000005,8116.788199999999,140.35809999999998,0.6195315544120333
 Eukaryota,7993.082500000009,6125874.695599999,11917855.582600001,1606042.4259999993,2912057.7575000008,41769.166199999985,0.40367593426494314
 Riboviria,22.4116,18383.035,36802.240999999995,5082.2522,9033.7335,152.6086,0.34790201818000926
 unclassified viruses,2.7691,1218.404,2314.9676,348.90659999999997,539.9745,2.7691,0.362
Unclassified,51401.44290000013,17928239.36330004,35770409.828600004,5072132.027000008,8855173.301700037,142790.02870000037,0.5409864941601498
