Domain,Domain_gene_counts,AA_C,AA_H,AA_N,AA_O,AA_S,GC_adj
 ,329.0111000000001,244131.98070000001,488402.6234000001,70788.32780000001,122012.25739999999,1602.6515999999995,0.5959971613439397
 Archaea,14082.148100000004,10076521.053299988,20063913.107599985,2726969.6967999963,4999149.288599991,71050.16880000007,0.42760047104241655
 Bacteria,260738.51759999825,165040274.72839975,329237872.1807009,46892949.12590003,82725560.20330031,994485.3517000017,0.671045758620749
 Duplodnaviria,12.366800000000001,8516.8394,16950.694600000003,2442.2558,4290.0233,53.4775,0.6433955721286676
 Eukaryota,1566.2003999999993,881634.6585000003,1746529.906699999,246392.8666999999,436087.19959999964,5723.598299999996,0.5569939923018979
 unclassified viruses,7.7421,6478.9331999999995,12885.0847,2124.5361,3143.3905,44.0308,0.7126937020204387
Unclassified,53001.73440000016,19658397.6484,39521873.32010008,5634309.403899976,9883831.684899984,119892.53099999984,0.6328873911212423
