Domain,Domain_gene_counts,AA_C,AA_H,AA_N,AA_O,AA_S,GC_adj
 ,6.1856,4789.8272,9584.0896,1365.4144,2234.3552,23.641600000000004,0.31815230161937025
 Archaea,18.6608,12223.853199999998,24590.0138,3588.6191999999996,5763.7961,80.6397,0.6104109054394242
 Bacteria,14651.302700000013,9861582.018199999,19705904.612000003,2857690.0105999927,4844386.034699992,65777.31660000002,0.637362370277365
 Duplodnaviria,37.9251,25509.1532,50354.92730000001,7156.196900000001,13044.1665,174.8716,0.5471373315226296
 Eukaryota,219.7618,162154.42650000006,320423.84479999996,45381.8184,80805.4905,1348.9393000000002,0.4744487610382395
Unclassified,2865.304600000001,1042626.1286000003,2091094.107699999,299915.8127000003,521828.04770000005,8515.77689999999,0.584524559133995
