Domain,Domain_gene_counts,AA_C,AA_H,AA_N,AA_O,AA_S,GC_adj
 ,391.8181,188862.6254,376190.07369999995,54074.311900000015,92707.43579999999,1171.815,0.6157086823497245
 Archaea,16723.695800000012,11874026.947200028,23549444.855999976,3163671.450600002,5846332.317900008,81134.45629999995,0.3805508140551101
 Bacteria,451029.70999999804,291504995.8467005,580594331.2247077,82396350.9111,144064862.68930137,1921920.41460001,0.6315873176114758
 Duplodnaviria,32.2667,19489.7749,37936.9675,5373.2619,10061.542099999999,99.34080000000002,0.5808294684146522
 Eukaryota,1204.8073999999988,629407.8435,1258910.4763999993,181401.44979999997,315574.9617,3873.6770000000033,0.6306503004303596
 Riboviria,5.3098,3339.8642,6823.093,1077.8894,1768.1634000000001,26.549,0.657
 Varidnaviria,3.4545,2269.6065,4349.2155,583.8104999999999,970.7144999999999,6.909,0.6459999999999999
 unclassified viruses,7.4902,2133.621,4356.2788,697.0114,1123.8326000000002,3.9565,0.7710167394278888
Unclassified,68037.19120000047,24712914.51299995,49614277.12910003,7101441.302700044,12296250.473999973,173492.5640999996,0.6107036506817779
