Domain,Domain_gene_counts,AA_C,AA_H,AA_N,AA_O,AA_S,GC_adj
 ,282.4538000000001,203057.93710000004,401397.513,56746.02260000002,101138.7238,1515.4747,0.5856632570889292
 Archaea,1938.9441999999992,1176395.1402000005,2348956.242900001,328952.65589999995,579454.8225000007,7601.444800000004,0.552842055321735
 Bacteria,451503.54730000615,324254444.7850965,645678630.0566972,91785678.20109728,160351478.42070043,2082925.4737000216,0.6079354405485795
 Duplodnaviria,91.1482,53193.3859,105136.24750000001,15321.137899999998,26503.583,468.0946000000001,0.5945024921680029
 Eukaryota,1277.241200000001,795951.4418000001,1580484.6434000002,223993.76180000004,392283.0159000001,5006.194099999999,0.5652598667577956
 Varidnaviria,5.0837,3533.1715000000004,7025.673400000001,1006.5726000000001,1819.9646,20.3348,0.562
Unclassified,65030.00330000023,24689815.49829998,49427644.05179999,7073135.255599999,12284385.872600053,180707.93960000016,0.5833932427281111
