Domain,Domain_gene_counts,AA_C,AA_H,AA_N,AA_O,AA_S,GC_adj
 ,129.3629,76178.79370000002,151865.25710000002,20989.155099999996,36836.59820000001,528.885,0.5740096824877957
 Archaea,359.5726999999999,227162.967,451573.83599999995,65256.30800000001,112402.07600000002,1541.5995999999998,0.6075417883300702
 Bacteria,200902.9196000007,137936778.83469984,274827478.81229824,39184017.03190013,68143224.48540051,908275.4698999975,0.6100898054352466
 Duplodnaviria,16.2657,11336.9654,22542.9325,3226.5115,5815.930899999999,106.37219999999999,0.5696923951071311
 Eukaryota,1704.397000000001,1194917.8190000001,2335438.8027,323692.6773000002,577970.5789000005,7844.3246,0.467409429216441
 Riboviria,2.2348,1926.3976,3825.9775999999997,509.5344,835.8152,11.174,0.555
 Varidnaviria,3.0887,1683.3414999999998,3372.8603999999996,457.1276,827.7715999999999,9.2661,0.562
 unclassified viruses,15.767700000000001,13576.2433,25833.2157,3584.6141000000002,6453.5124,133.14929999999998,0.38198283524380466
Unclassified,28150.74750000007,10417912.613400048,20838897.082099937,2983983.7535,5169853.083599979,75969.4444000002,0.5692254798255685
