Domain,Domain_gene_counts,AA_C,AA_H,AA_N,AA_O,AA_S,GC_adj
 ,23.6451,11631.8227,23133.4445,3237.6885,5770.7836,75.9912,0.6458887608500542
 Archaea,960.3011999999994,561805.7522999998,1127390.4200000002,156204.81560000003,278759.4700000001,3411.0578000000014,0.5383129410741496
 Bacteria,32854.60559999993,21574787.25420004,43072509.740199976,6170765.0987999765,10666927.593500042,136752.3477999997,0.6403519159173694
 Duplodnaviria,7.3243,3628.5316000000003,7391.846500000001,1068.6197,1977.9418,63.0537,0.5697775708991035
 Eukaryota,414.15129999999994,334946.4421000001,655201.0830000001,93155.06940000001,163222.1741,2235.1740999999997,0.4843040136867734
Unclassified,4883.403699999998,1749830.1041000006,3505162.6010000044,502789.8296000002,869827.4389000004,12886.594699999992,0.6077437844977114
