Domain,Domain_gene_counts,AA_C,AA_H,AA_N,AA_O,AA_S,GC_adj
 ,148.0178,102539.92189999999,203636.29300000003,25975.567400000004,48737.94709999999,527.2216999999999,0.48066691420117397
 Archaea,361.2403000000001,292348.443,578234.9127999998,84245.96559999997,141123.4314,1763.5356,0.6031155423719663
 Bacteria,100372.74039999953,66859168.38069972,133355395.94790018,19056262.367100038,33114483.92940004,436133.25500000303,0.625595789951167
 Duplodnaviria,35.090199999999996,37208.2497,73374.3257,10020.042500000001,19188.3707,260.4951,0.47950911569079147
 Eukaryota,1342.719500000001,887906.0461999999,1736738.1415999997,240618.00380000003,423306.89709999977,5700.862199999999,0.4573320668083868
 Varidnaviria,3.2935,2489.886,4712.9985,668.5805,1218.595,13.174,0.458
 unclassified viruses,14.6114,7211.273,14494.3089,2137.4789,3738.8874,65.2483,0.5827716588755923
Unclassified,20251.98380000001,7707036.993900016,15462361.825200038,2214288.651400001,3869350.2202999922,54247.625300000014,0.5969480199721842
