Domain,Domain_gene_counts,AA_C,AA_H,AA_N,AA_O,AA_S,GC_adj
 ,772.4227999999997,455982.28119999997,896937.7741999999,117432.79860000002,213908.0792,2929.137300000001,0.46111082471270437
 Archaea,820.1505000000003,514244.94069999986,1028178.5327999999,146338.555,255552.59530000002,3649.071099999998,0.5773753545260125
 Bacteria,684995.4385000018,461694761.13530177,921148138.5497911,130070212.27780081,228935433.84530264,3067729.4172000084,0.617461237453862
 Duplodnaviria,61.2622,35961.03830000001,71600.41579999999,10217.937399999999,18656.2435,297.06319999999994,0.5677281242551625
 Eukaryota,9888.888200000001,6311229.246000005,12296039.229500009,1643687.492299998,2984502.2832999956,42170.77270000004,0.4069207988464377
 Varidnaviria,9.313,5748.7399000000005,11474.1957,1649.1833000000001,2919.1781,77.26910000000001,0.46259803345577527
 unclassified viruses,6.0089,2565.6142999999997,5175.4675,708.0320999999999,1180.7142,13.3082,0.6376065008051287
Unclassified,97202.33380000034,34374065.877600044,68990176.67739962,9785318.827200003,17110114.628300026,245973.56599999996,0.5756344551217418
