Domain,Domain_gene_counts,AA_C,AA_H,AA_N,AA_O,AA_S,GC_adj
 ,46.4541,26174.013899999994,51994.4859,7443.5173,13046.2258,170.4389,0.5693941849273868
 Archaea,58.54429999999999,35732.9903,71308.63229999998,10511.9993,17468.2144,263.952,0.5985461845918114
 Bacteria,21340.337999999974,14166063.682799995,28303142.631999988,4055920.3765999954,7004756.6425999915,96208.88749999988,0.6378511492186512
 Duplodnaviria,39.2897,30530.640399999997,60295.27710000001,8170.2299,15731.2756,181.89030000000002,0.40530586197079294
 Eukaryota,86.16899999999998,42496.12330000001,82892.16560000001,11043.6694,19687.486199999996,319.1346,0.46066930631973335
 unclassified viruses,8.9758,7279.287399999999,14291.667,2067.1989999999996,3570.8938,50.6986,0.43259155767422725
Unclassified,2311.8335000000006,778296.5769999998,1563036.5481000014,225201.16269999993,390935.0206,5964.682199999998,0.6078715896614992
