Domain,Domain_gene_counts,AA_C,AA_H,AA_N,AA_O,AA_S,GC_adj
 ,413.80229999999995,193514.41649999996,384189.19690000016,52196.100299999984,94348.81900000002,1167.0964000000004,0.5012224292059443
 Archaea,434.7522,393305.90449999995,773074.0304999996,110471.88310000004,190464.86970000004,2273.9997000000003,0.5240385489544857
 Bacteria,252703.30560000055,173876933.3775997,345915144.91080046,49152305.67199963,85910359.79039957,1145098.8773000038,0.6030382744533477
 Duplodnaviria,76.8113,72167.83059999999,140494.5369,19582.9359,36046.732299999996,547.4662000000002,0.4259349015730071
 Eukaryota,17017.3726,12797264.720200032,25093638.705300007,3513376.4739000034,6220361.652099994,92505.15389999986,0.4614901512779522
 Riboviria,72.795,72007.7551,138794.6151,20178.5149,34541.7601,629.14,0.4993362487242372
 Varidnaviria,3.0364,816.7916,1536.4184,194.3296,364.368,9.1092,0.516
Unclassified,63020.262800000324,24897751.192599982,49617789.33669988,7075116.57909998,12373972.267799994,199431.38020000016,0.5236708849487771
