Domain,Domain_gene_counts,AA_C,AA_H,AA_N,AA_O,AA_S,GC_adj
 ,114.3003,64587.99329999999,124665.22239999997,15485.123799999994,29404.101900000005,516.9490999999999,0.3663718103106944
 Archaea,213.09609999999995,164294.0034,319023.6379999999,43609.5656,79716.91089999999,1020.6727,0.4873128556592741
 Bacteria,108315.82350000006,71793409.09129947,142926595.5832995,20176015.53450013,35710130.01649999,476932.9757000025,0.6161968854695554
 Duplodnaviria,56.552299999999995,37016.389800000004,71695.02930000001,9919.200900000002,18297.228499999997,280.53839999999997,0.4803610016761567
 Eukaryota,12222.18660000003,9788895.73010003,19158144.852199994,2684581.6541999974,4777127.1990000075,70469.97630000001,0.44523069868702125
 Riboviria,14.6583,4485.4398,9205.412400000001,1260.6138,1934.8956,43.974900000000005,0.612
 Varidnaviria,22.925800000000002,14225.3119,28343.1855,4100.8742999999995,7459.164999999999,74.33569999999999,0.5653649193397321
Unclassified,31661.820199999976,12277111.723499956,24370597.427400067,3433810.115399998,6085118.713999977,102088.27089999987,0.512427602590031
