Domain,Domain_gene_counts,AA_C,AA_H,AA_N,AA_O,AA_S,GC_adj
 ,81.99740000000001,40402.95189999999,81059.56929999997,11086.223300000001,20061.635,203.70690000000002,0.5340658345275412
 Archaea,155.02430000000004,88923.3106,176670.7919,25608.903700000003,44128.61609999999,512.7062000000001,0.5985124053332488
 Bacteria,58538.631700000195,37964772.44589998,75542026.2882999,10806882.23129997,18687783.7426,243977.39979999955,0.6026633245222465
 Eukaryota,194.8795,95539.4002,189975.02870000005,26807.61570000001,46726.46630000001,598.3496999999999,0.536689521302073
Unclassified,7503.1600000000035,2401318.4907000037,4831053.394200001,691133.3130000001,1194528.6365999999,18674.283199999976,0.5839524151003143
