Domain,Domain_gene_counts,AA_C,AA_H,AA_N,AA_O,AA_S,GC_adj
 ,68.7585,47048.7801,92153.1675,11959.9663,21402.840900000003,249.94220000000004,0.3891662518411635
 Archaea,284.75579999999997,183247.88590000002,363078.59050000005,51311.932700000005,90255.654,1112.6275,0.5620378521340894
 Bacteria,97879.21279999995,63857351.21529972,127396842.95879976,18069175.52699998,31634311.046600137,431234.7788999963,0.6369077821499554
 Duplodnaviria,6.4259,2295.7493,4662.0446,652.5809999999999,1195.2098,21.762999999999998,0.6028316158065989
 Eukaryota,1307.0159000000006,880450.1540999997,1707455.3509000011,233207.39450000017,420193.74499999994,5632.974100000001,0.40115722013853167
 Varidnaviria,2.6255,2210.6710000000003,4248.059,687.8810000000001,1026.5705,13.127500000000001,0.467
Unclassified,11041.118800000004,3759483.042100002,7527911.123700015,1078951.206100001,1866644.856200005,27593.950399999976,0.5912868155099851
