Domain,Domain_gene_counts,AA_C,AA_H,AA_N,AA_O,AA_S,GC_adj
 ,81.8202,45594.83430000001,90684.71380000001,13405.2174,22496.5566,236.91000000000003,0.5942589340499921
 Archaea,555.6171999999999,357599.647,710931.5457999995,100646.02159999995,176010.07619999998,2360.311199999999,0.5620048835608014
 Bacteria,166503.52109999873,110260307.76230124,219572050.25090134,31192464.241100118,54445377.46230012,723012.6782999991,0.6126873540049116
 Duplodnaviria,6.886900000000001,5727.5397,11818.652699999999,1725.6957000000002,2942.4415,33.409,0.6023308604822782
 Eukaryota,578.2548999999996,332967.80389999977,655281.6478000004,92624.581,162313.27730000002,2220.5676000000008,0.532442436236317
Unclassified,19485.37310000011,6835178.883400023,13700756.333300041,1953515.2513000013,3401188.510799983,50042.60510000017,0.5753804273247899
