Domain,Domain_gene_counts,AA_C,AA_H,AA_N,AA_O,AA_S,GC_adj
 ,819.2890999999997,441230.1058000002,886690.4767000001,127243.59269999998,221007.76499999993,2424.5173999999993,0.6963540653418749
 Archaea,3670.279900000001,2267570.4687,4528725.926400002,652377.7295999996,1138089.1709,12783.68070000001,0.6590109237372523
 Bacteria,597255.0099999987,387146354.60680443,775864141.415498,112022770.25309952,193915115.36890015,2112062.3755000224,0.7007050213069006
 Duplodnaviria,68.27860000000001,50383.3049,100373.0302,14441.054199999999,24380.214700000004,255.2475,0.7095518314505811
 Eukaryota,6226.736399999998,3915080.2534999996,7802360.901299996,1116702.4411000002,1938805.1406999999,23141.180499999995,0.6103455725443897
 Monodnaviria,9.4698,2291.6915999999997,4933.765799999999,710.2349999999999,1212.1344,18.9396,0.721
 Riboviria,7.179,1564.0900000000001,3160.9503999999997,428.20279999999997,729.8374,9.2722,0.6557990101927469
 unclassified viruses,19.102,12928.5689,26282.621099999997,3702.9351,6826.4106,47.7587,0.7145100248830664
Unclassified,163508.60889999886,65571739.92789985,132831500.68499885,19380049.589600023,33045515.660799917,350063.41829999926,0.7091102729054688
