Domain,Domain_gene_counts,AA_C,AA_H,AA_N,AA_O,AA_S,GC_adj
 ,48.3815,39722.952999999994,79329.6569,11050.2541,20639.649000000005,177.8519,0.6165818229352673
 Archaea,165.6765,81174.0162,160736.99039999998,22853.1232,39556.75160000001,454.22559999999993,0.5380701124360688
 Bacteria,33455.52219999997,21998443.97180001,43893377.92439994,6278156.722000003,10917067.301800033,142225.46639999983,0.6543357761598589
 Duplodnaviria,91.41599999999998,107404.382,214350.9412,30829.675199999998,54594.2702,814.3596,0.6203271147466045
 Eukaryota,363.52910000000026,220657.59519999995,431399.66839999985,61144.68420000001,105901.36710000006,1574.6197000000006,0.4981839262262894
 unclassified viruses,8.2488,5742.326800000001,11033.617600000001,1530.8096,2799.2388,35.6432,0.48769737977301325
Unclassified,5933.384199999997,2398494.905100003,4811091.369000001,686359.2566000004,1209633.0500000012,17358.79150000001,0.6066681870147327
