Domain,Domain_gene_counts,AA_C,AA_H,AA_N,AA_O,AA_S,GC_adj
 ,267.03929999999997,158981.09429999997,315701.2906999999,42977.66530000001,77859.9268,1110.9420000000002,0.492074993430521
 Archaea,1449.0032000000008,922745.1197999994,1837083.2448000002,261421.5943999999,455041.26830000005,5946.590900000004,0.6192016952270694
 Bacteria,243698.224699998,158145757.2104002,315406521.5322033,44741791.779799886,78576662.68339968,1043169.7587999969,0.6280044413900009
 Duplodnaviria,35.390800000000006,25747.607899999995,50403.886300000006,7082.918699999999,12813.926800000003,173.44209999999998,0.526505113998739
 Eukaryota,9704.413899999987,6398902.156800003,12496616.504400017,1717980.9891999997,3070538.5504999994,45241.047899999925,0.4384057355194919
 Riboviria,235.4598,127325.35240000003,242192.3193,34724.59249999999,57598.7245,917.5102,0.4977611618639192
 Varidnaviria,36.0674,80000.6358,154483.00269999998,23216.472899999997,38912.1245,592.2012,0.4982240577454256
 unclassified viruses,4.2272,2629.3184,5389.679999999999,824.304,1340.0224,12.6816,0.7120000000000001
Unclassified,57528.623299999745,22812577.608099934,45503385.60779999,6498505.048000011,11382225.245599974,174713.59359999953,0.5576408809517398
