Domain,Domain_gene_counts,AA_C,AA_H,AA_N,AA_O,AA_S,GC_adj
 ,12.0557,6633.6577,13135.6083,1898.8897,3519.4866,59.2029,0.5865098099982438
 Archaea,107.754,79203.96719999998,158772.6786,22814.6908,40009.54460000001,509.3861,0.5972918364079742
 Bacteria,65003.449999999924,43258903.12460012,86617369.91759987,12467061.029399978,21421257.54700001,285444.2994000012,0.6292444573735804
 Duplodnaviria,16.2556,8863.3761,17604.2071,2564.9193,4478.8333999999995,50.5964,0.5944722091869491
 Eukaryota,153.68359999999998,104016.92720000003,204727.73790000004,29370.89249999999,50484.5142,622.9604,0.5899703623561121
 unclassified viruses,4.2096,4382.1936,8524.44,1241.832,2050.0752,37.8864,0.688
Unclassified,7006.5210999999845,2427698.242399997,4888345.634200004,708099.265400001,1216137.8694,18035.45829999999,0.6142348182254713
