Domain,Domain_gene_counts,AA_C,AA_H,AA_N,AA_O,AA_S,GC_adj
 ,89.27829999999999,60101.51670000001,121827.9936,17654.465400000005,31100.5247,423.71649999999994,0.5964503783879845
 Archaea,202.24120000000005,133855.1653,262619.1473,37981.91270000001,65785.0196,841.1957999999996,0.6055679316977839
 Bacteria,87466.36199999998,59438900.393699706,118422223.38799946,16857954.77400008,29389572.93830006,401899.2938,0.6331568100692773
 Duplodnaviria,176.70979999999992,134983.03489999997,264792.5035,37590.1871,67936.71459999998,854.8713999999998,0.5427918365890284
 Eukaryota,3144.6078000000016,2448956.7715999978,4776307.873299997,673080.2265000005,1192564.0277,17649.136100000014,0.441336239541185
 Riboviria,11.5667,4984.9304,9936.3252,1646.3645999999999,2702.8514,51.515699999999995,0.5447896772909557
 Varidnaviria,13.956900000000001,10234.1958,20176.7238,2876.6622,4991.2593,77.5626,0.5091803372049589
 unclassified viruses,3.892,2737.4375,5370.0185,778.6065,1321.7855,17.654,0.5241529548974246
Unclassified,20587.90919999998,8302505.498999987,16533899.596800024,2351069.296399999,4161841.763600008,65704.10340000011,0.5587664225760516
