Domain,Domain_gene_counts,AA_C,AA_H,AA_N,AA_O,AA_S,GC_adj
 ,955.8576999999998,670756.8897000003,1342314.5591,188235.59789999994,336749.61540000007,4134.0923,0.6224734339225911
 Archaea,2623.8713999999977,1837979.3410999982,3669410.2556000007,520184.3369999997,913898.8383000002,12116.029699999994,0.6152259649945713
 Bacteria,1121909.7849000073,881926689.4392962,1759447020.9435196,250158843.08370635,437907800.6845988,5748934.5729999365,0.6249035553666048
 Duplodnaviria,136.6846,99372.9718,195590.3995,28086.6669,49799.90330000001,668.0753999999998,0.6054492260786457
 Eukaryota,5228.243999999998,3630350.5143,7239314.113400001,1024020.6829999982,1814538.8510000007,22423.428799999998,0.6160110120572996
 Monodnaviria,4.7954,3663.6856,7293.8034,1031.011,1884.5922,28.772399999999998,0.595
 Riboviria,25.586100000000002,15113.016199999998,30286.722599999997,4377.6438,7458.4716,69.1355,0.673699252252463
 unclassified viruses,33.7556,20057.8165,40981.441399999996,5885.393200000001,10465.7876,124.87870000000001,0.6141053599461732
Unclassified,229178.47660000052,95230751.0726997,191405357.05269936,27337161.921500143,47800449.058599725,673146.8701999958,0.6183862105808244
