Domain,Domain_gene_counts,AA_C,AA_H,AA_N,AA_O,AA_S,GC_adj
 ,118.85130000000001,72179.2955,144922.7009,20572.515099999997,35162.0523,422.92409999999995,0.6150842621360225
 Archaea,342.29490000000004,232730.46119999996,466500.22950000013,65849.82190000002,116082.53399999999,1487.9022999999993,0.627848385164353
 Bacteria,251421.9008999974,167835581.87200078,335354642.07299733,47349111.37840033,83181165.17899927,1116821.8945000095,0.648704625805813
 Duplodnaviria,19.1492,11582.9963,22913.569600000003,3329.5542,5688.112500000001,72.4715,0.5928918868146958
 Eukaryota,884.8420000000007,567559.9532000002,1111893.9833,157365.02249999993,275074.90430000005,4622.5734,0.5162622921952575
 Riboviria,3.4338,930.5598,1871.421,250.66740000000001,432.65880000000004,13.7352,0.494
 unclassified viruses,6.0728,3336.9373,6390.3706999999995,903.6693,1638.4099,31.1038,0.5019920611132117
Unclassified,21033.12949999998,6625701.8579,13327818.651799997,1904579.368999997,3289603.8778000046,49803.2324999999,0.6031976456910405
