Domain,Domain_gene_counts,AA_C,AA_H,AA_N,AA_O,AA_S,GC_adj
 ,359.1671,229217.27689999994,456545.9284000001,65408.31280000002,113692.92889999998,1502.3790000000006,0.6276127122057756
 Archaea,5739.917599999994,3841113.0326999985,7668576.419199998,1059178.7568000024,1901073.7093000005,24446.460000000014,0.5388522885338101
 Bacteria,270552.09560000105,182429254.70400065,363860902.60999864,51822879.01999974,90434523.16200107,1157558.6878999968,0.6519430434293648
 Duplodnaviria,68.3893,69328.1986,136501.04890000002,18737.0293,34954.21880000001,444.6021999999999,0.5235225121721171
 Eukaryota,751.0016999999998,419512.97950000025,835960.3609999999,119602.17420000007,208936.0677000001,2587.276000000001,0.6440422448999648
 Riboviria,6.863900000000001,5053.1664,10417.0828,1472.7732,2510.0857,21.486800000000002,0.7040612486110238
 unclassified viruses,11.213899999999999,8622.4997,17321.8879,2362.2228999999998,4422.4985,56.525800000000004,0.5538765304323442
Unclassified,43956.36170000005,17166371.141199946,34548746.63830008,4948471.434499972,8580290.12689996,110892.98949999962,0.6502418683879835
