Domain,Domain_gene_counts,AA_C,AA_H,AA_N,AA_O,AA_S,GC_adj
 ,154.1804,96842.3821,192256.30610000005,26788.482099999997,47295.1255,691.0245,0.5918380487000015
 Archaea,7309.7428000000045,5387817.479299999,10715556.00769998,1458238.169299996,2671142.8602000005,37357.3799,0.4151187594794942
 Bacteria,130017.18389999957,83368141.62420075,166331432.50459895,23767117.45859983,41754070.290400095,509167.9851000036,0.6723630053505599
 Duplodnaviria,3.4754,2509.2388,5150.5428,785.4404,1254.6194,6.9508,0.752
 Eukaryota,1190.5569999999998,747043.2723,1468090.8495999998,207803.2690000001,365285.288,5147.550200000003,0.5284255451853442
 Monodnaviria,2.6667,1530.6858,3130.7058,442.67220000000003,794.6766,5.3334,0.688
 Riboviria,2.0089,988.3788000000001,2047.0691000000002,299.3261,520.3051,16.0712,0.6890000000000001
Unclassified,29250.415599999993,11458823.498799987,23003498.383500054,3286673.815499997,5761497.7914999705,72386.64540000017,0.6168038000771424
