Domain,Domain_gene_counts,AA_C,AA_H,AA_N,AA_O,AA_S,GC_adj
 ,288.8959,177521.20609999998,350209.7676,49035.403,86075.05790000003,964.1714,0.6193902053431353
 Archaea,1701.6217999999994,1023762.8829000003,2031721.4861000013,280600.4823000001,505286.74930000026,7031.956700000001,0.4613224298031791
 Bacteria,207838.250499999,135988885.8527991,270926657.44829947,38566330.852299996,67318768.69950016,903520.7838999941,0.6411210555325942
 Duplodnaviria,78.3361,124899.43590000001,245680.04320000001,33887.4996,64125.24250000001,769.1071,0.42459641526052744
 Eukaryota,886.6898000000002,490830.1698000002,970874.896800001,138987.43959999998,242237.4350000001,3273.0844999999986,0.6210937222145622
 Monodnaviria,6.86,2455.88,5172.4400000000005,713.44,1522.92,27.44,0.7040000000000001
 Varidnaviria,5.2073,3999.4622,7932.8123,1195.2371,1956.359,38.89,0.658414699337282
 unclassified viruses,1.9195,1069.1615,2124.8865,270.6495,518.265,17.2755,0.575
Unclassified,32565.0498,12481827.355399985,25054326.457499973,3597714.488300003,6229632.826199989,86727.29740000017,0.6157875953974727
