Domain,Domain_gene_counts,AA_C,AA_H,AA_N,AA_O,AA_S,GC_adj
 ,72.44340000000001,25854.6322,51792.8123,6933.395299999998,12599.2706,139.0634,0.5376887788153119
 Ampullaviridae,6.267,5634.033,10873.245,1372.4730000000002,2719.878,18.801000000000002,0.186
 Archaea,132.4575,104257.07549999999,205699.2498,29725.432399999998,50568.9015,683.6901999999999,0.6004386937093844
 Bacteria,68542.44869999992,45586231.669099964,91158617.88649994,13069348.108900027,22717868.622399975,297848.26380000036,0.6594652922239408
 Duplodnaviria,135.9704,107988.52949999999,211075.44910000003,29830.725900000005,54362.50030000002,667.9268999999999,0.5210172942408681
 Eukaryota,2065.2976000000012,1665403.7174000007,3258063.7427000003,456211.59589999996,813314.4833,13596.338800000005,0.4250784687717394
Unclassified,12822.077300000017,4754224.308699996,9529585.213900005,1361958.7119000044,2377437.5204999954,36035.3559,0.6013799668150716
