Domain,Domain_gene_counts,AA_C,AA_H,AA_N,AA_O,AA_S,GC_adj
 ,282.8372,156692.26409999994,313067.7831000001,44807.83149999999,77630.02590000001,919.1499000000002,0.6453832605098707
 Archaea,886.8566999999997,560420.7236000005,1113804.2030000004,159713.66859999998,278344.97359999985,3713.2468999999983,0.621772902711118
 Bacteria,343668.9750999982,232129475.34320146,463420210.0676006,65979172.27160022,115111898.5367997,1492744.144599996,0.658061096084959
 Duplodnaviria,14.3384,8657.784899999999,17376.945900000002,2497.8227,4239.0169000000005,43.934799999999996,0.665774992163819
 Eukaryota,1172.5885999999996,627758.2348999999,1262071.7460999994,183046.2883,314646.19219999993,3802.7241999999997,0.678654263417877
 Riboviria,3.5717,3878.8662,7629.151199999999,971.5024,1764.4198,17.8585,0.568
 Varidnaviria,2.5084,1808.5564,3366.2727999999997,426.428,770.0788,5.0168,0.705
 unclassified viruses,2.203,1246.898,2363.819,372.30699999999996,610.231,11.014999999999999,0.596
Unclassified,49347.09699999984,17987885.053100053,36274164.669999994,5225149.3775999965,9003115.277300019,123292.56890000033,0.6492643473872288
