Domain,Domain_gene_counts,AA_C,AA_H,AA_N,AA_O,AA_S,GC_adj
 ,48.701299999999996,23740.114400000006,47182.4127,6524.4085000000005,11775.0245,176.2879,0.6246147502867109
 Archaea,140.7998,129910.3407,251779.2057,34658.12470000001,64462.0167,873.0276999999999,0.4601870365488846
 Bacteria,28546.380400000024,18264854.74070005,36298477.53200009,5089626.031199976,9100038.31330001,123158.76009999997,0.595231414166841
 Duplodnaviria,148.81309999999996,201508.80829999998,401419.8328,56138.9658,106115.1492,1207.9857000000002,0.5394389096432256
 Eukaryota,642.1137,321489.5255000001,629731.4650999999,88297.81509999998,156275.5042,2050.3141000000005,0.4623763566466348
Unclassified,9523.099199999993,4044176.060599996,8026555.739599998,1150259.2647999995,2016724.9996000042,31732.905400000032,0.5485864488746759
