Domain,Domain_gene_counts,AA_C,AA_H,AA_N,AA_O,AA_S,GC_adj
 ,619.3073999999999,425255.44519999996,848228.0918999999,118937.04089999999,211176.28140000004,2569.3696999999993,0.6008934817086369
 Archaea,1716.7878000000014,1254659.5833999987,2502673.5115,355694.2087000001,631207.5123000004,7748.384300000007,0.6214105501543984
 Bacteria,774207.2071999968,576461880.9493047,1152930168.500386,163301879.98719776,286926462.0663012,3575310.0803999794,0.6353866343663799
 Duplodnaviria,210.85269999999994,181183.27470000004,359582.62229999993,51263.3723,90842.69369999997,1365.7761,0.5965267188099185
 Eukaryota,3557.157299999994,2577312.854100004,5119322.160099998,714079.4954999994,1274676.3071999997,15755.92829999999,0.5525742218356924
 Riboviria,4.0378,2293.4703999999997,4627.3188,565.292,1162.8863999999999,12.113399999999999,0.648
 Varidnaviria,7.0834,2162.9599,4278.7598,599.2246,1092.892,11.2311,0.6680415908983506
 unclassified viruses,36.0965,30929.766600000003,61822.24080000001,8976.1484,15144.894400000003,216.61950000000002,0.6087308084707768
Unclassified,136973.600599999,59841520.49120059,120129581.35549986,17090211.599099983,29940355.046200044,384021.58980000124,0.6110456981411101
