Domain,Domain_gene_counts,AA_C,AA_H,AA_N,AA_O,AA_S,GC_adj
 ,722.1833999999999,742510.5031999997,1470176.6704,208197.68300000005,365573.8846000001,4091.625200000001,0.6374668923817506
 Archaea,11423.89300000001,13624327.991500005,27182842.119899996,3841309.472900007,6769053.235400002,71613.75060000003,0.6421322969026237
 Bacteria,389748.0394999931,295865651.6960993,589441354.3707955,83621262.44160002,147222231.33040005,1832635.6860999835,0.6344687607147554
 Duplodnaviria,143.1805,121200.33810000002,242278.6028,33748.288199999995,63188.17579999999,1015.3486000000001,0.5603257494816383
 Eukaryota,2887.2723999999967,2319989.7341999994,4619190.870999998,650801.0792000003,1156747.7650000001,14204.170700000006,0.6344518868183529
 Riboviria,37.0057,52909.5325,106410.26590000001,14797.390300000001,26099.7406,298.7382,0.6609745301867
 Varidnaviria,18.9028,22296.5536,43683.3531,6213.1939,10803.8753,131.5016,0.6072607830854347
 unclassified viruses,12.0638,3643.2676,7153.8334,1170.1886,1809.5700000000002,60.319,0.522
Unclassified,110164.17770000026,53264148.24829981,106565226.2098999,15093119.873299994,26630313.377900165,340033.4534000018,0.6220832448198529
