Domain,Domain_gene_counts,AA_C,AA_H,AA_N,AA_O,AA_S,GC_adj
 ,14.276,6628.9798,13562.4535,1921.9699,3418.2996000000003,42.6951,0.6163473376357967
 Archaea,8.5653,5469.7067,10931.9598,1529.1732000000002,2629.2658,18.7499,0.5838780803084654
 Bacteria,15865.160999999958,10591899.098499978,21172227.95429998,3008502.0655000047,5261975.9283999875,60265.478099999986,0.6268554070949869
 Eukaryota,23.6327,10712.0319,21848.957000000002,3123.7257999999997,5443.9029,76.8441,0.6053997149424731
Unclassified,1489.4656999999997,564472.9184999997,1131295.7403999993,160697.56900000005,284959.03029999987,3301.8813000000027,0.6063920014453678
