Domain,Domain_gene_counts,AA_C,AA_H,AA_N,AA_O,AA_S,GC_adj
 ,438.3937,259283.89899999998,517425.46399999986,71690.2934,127458.62839999999,1791.8778000000002,0.6045922168963079
 Archaea,864.3932000000002,557283.3472,1110636.1117000007,161227.84030000007,278283.37919999997,3946.687099999999,0.6153786355571667
 Bacteria,742876.2021000065,507901268.1237048,1014579941.5981921,144289599.67159846,252005842.48989984,3340322.372500003,0.6275208479248495
 Duplodnaviria,69.49019999999999,46689.3451,92005.88239999999,13139.5678,23772.924099999997,293.6915,0.5836531713751034
 Eukaryota,4672.8693,3314627.0612,6513781.968099998,914624.3699000004,1611081.4815000002,22615.46279999999,0.5097651863175594
 Riboviria,1.6242,670.7946000000001,1357.8312,214.39440000000002,332.961,8.121,0.6320000000000001
 environmental samples,3.2619,2338.7823,4589.4933,662.1657,1174.2839999999999,3.2619,0.667
 unclassified viruses,3.9222,3066.2028,5855.9082,856.0962000000001,1479.009,12.21,0.5117254787330832
Unclassified,106639.96839999956,38890710.16170002,78181995.27449995,11240433.340499936,19458310.093100037,287106.58660000004,0.6010514901596913
