Domain,Domain_gene_counts,AA_C,AA_H,AA_N,AA_O,AA_S,GC_adj
 ,107.8854,78533.93239999999,154531.38929999995,22412.951299999997,38681.080799999996,586.2348,0.5407223851538103
 Archaea,1296.1404000000005,805370.6517999998,1603645.2582999996,222635.22690000013,397053.7687999998,4919.487700000006,0.5330083905583178
 Bacteria,152757.38519999984,104641636.81679948,208249132.20219815,29526468.74319999,51712701.033799745,670602.7667000006,0.5976308584226531
 Duplodnaviria,25.7143,17709.2218,34668.4714,4880.2098,8900.3567,117.396,0.5614987143951808
 Eukaryota,3107.382400000001,2456576.8298999993,4787924.609600001,665406.8145999996,1184687.0104000003,17642.453500000025,0.44324922123593874
 Riboviria,20.411,22031.686999999998,44401.069,6640.9130000000005,11750.25,273.95500000000004,0.49606298527676174
 unclassified viruses,3.2542,1474.1526,3013.3892,455.588,741.9576,6.5084,0.598
Unclassified,20889.927100000023,7490847.041200024,14937690.113799976,2127855.749799999,3713719.2898999928,59551.827899999946,0.5462991472175347
