Domain,Domain_gene_counts,AA_C,AA_H,AA_N,AA_O,AA_S,GC_adj
 ,131.0527,81138.1464,160125.6575,21476.589099999997,38447.8214,408.1789,0.4537232024719456
 Archaea,722.2537,425301.7029,848313.1698999997,117235.18689999999,209991.96209999998,2789.9155000000005,0.5380595454811404
 Bacteria,132319.75810000073,88007292.73250033,175056162.7073993,24889891.951399975,43459115.13759977,568276.1288999987,0.5947704831538522
 Duplodnaviria,25.7213,17474.5363,34236.7576,4725.0038,8506.7319,105.4593,0.6070270116950703
 Eukaryota,3423.3244000000027,2452867.189300001,4772188.5737999985,658543.8928000004,1178515.1809999994,17550.205300000005,0.44307214980185705
 Varidnaviria,17.9674,16314.399200000002,31281.243400000003,4150.4694,7779.8842,17.9674,0.389
Unclassified,23138.382600000055,8853776.428900003,17644905.25180004,2503477.677799998,4413488.218800007,70500.77139999995,0.5185530409387641
