Domain,Domain_gene_counts,AA_C,AA_H,AA_N,AA_O,AA_S,GC_adj
 ,266.83070000000004,193286.2052,377287.83989999996,49304.54909999999,91019.69100000002,1262.9928999999993,0.4524227447003447
 Archaea,163.63400000000007,98205.59490000001,196963.37039999999,28218.276799999996,48609.3638,648.7858,0.6109156496254198
 Bacteria,381501.02730000037,255606025.3510995,510916562.7565057,72166212.11509998,127251611.45649903,1730525.2361000164,0.6305388129566178
 Duplodnaviria,33.8824,18962.1804,36865.26440000001,5213.1352,9399.0891,136.70290000000003,0.5979184782282155
 Eukaryota,5819.127599999988,4367754.561799998,8509695.6071,1170065.9814999993,2085615.730400001,28441.171599999972,0.42539372524755253
 unclassified viruses,16.0051,16218.8076,31320.063400000003,4246.975200000001,7502.2189,144.7114,0.270653211226835
Unclassified,39662.143000000164,12873569.077699985,25802266.109000027,3686244.0625999942,6413289.557000017,99879.13459999996,0.5646067679817462
