Domain,Domain_gene_counts,AA_C,AA_H,AA_N,AA_O,AA_S,GC_adj
 ,432.44999999999993,250739.93069999994,498905.7303000001,70346.56410000003,124931.52690000001,1565.1044999999995,0.5955431356373037
 Archaea,4011.501599999996,2556275.225499999,5059472.983099993,697429.5339,1257626.5230999994,16925.608799999984,0.46568781976248785
 Bacteria,461202.5658999999,314524587.3104957,626176849.9482964,88759871.97910039,155703542.2027988,2012132.1042000086,0.6258683992097216
 Duplodnaviria,269.11730000000006,210302.5853,413009.78440000006,57953.749199999984,105032.77560000004,1364.9140000000002,0.5265037538096908
 Eukaryota,2314.222700000001,1578370.3993999972,3115345.2525000013,445741.4714999998,777286.855400001,10027.228800000003,0.5729964431439769
 Riboviria,10.314,6557.984399999999,13358.764799999999,2140.3615999999997,3353.806,55.221599999999995,0.5626718337708613
 Varidnaviria,2.7414,1853.1864,3711.8556,498.9348,962.2314,8.2242,0.547
 unclassified viruses,23.602600000000002,20656.1665,40405.9479,5647.6765,10248.309799999999,201.5326,0.549740695901346
Unclassified,90754.35509999929,36227572.22660005,72569690.17610006,10342135.724899968,18085215.0626,246170.3892,0.6050539623143916
