Domain,Domain_gene_counts,AA_C,AA_H,AA_N,AA_O,AA_S,GC_adj
 ,981.1708000000001,629344.6549999998,1263937.3081,181171.6293000001,315317.33979999984,3525.865000000001,0.6717470629816388
 Archaea,5556.862499999991,3597072.0623999997,7178997.177600012,1005835.9430000001,1794901.2018999998,22154.338899999984,0.5903561445663777
 Bacteria,1127779.6005000053,794044012.8809986,1588992722.296826,227618889.75339967,395727332.9435993,4911420.504000089,0.667893264271135
 Baculoviridae,6.1225,7175.57,13928.6875,1879.6074999999998,3728.6025,36.735,0.685
 Duplodnaviria,66.39480000000002,38175.6739,76485.16040000001,10916.752,18588.0662,235.65300000000002,0.6530527362018912
 Eukaryota,5709.099399999988,3444170.217299997,6908610.436100003,996716.5584999999,1727849.9438000002,20601.849299999998,0.6647149946539596
 Riboviria,20.822100000000002,16220.0726,31842.976199999997,4610.8486,7870.576399999999,96.6109,0.655836442965553
 Varidnaviria,12.5508,7697.5807,15653.555,2156.331,3788.4824,27.0397,0.7175989123704624
Unclassified,218985.63459999752,85839003.93110044,173312357.10419923,25054585.58039988,43117603.41789998,571931.6082999976,0.6643887439739069
