Domain,Domain_gene_counts,AA_C,AA_H,AA_N,AA_O,AA_S,GC_adj
 ,56.9931,34478.0032,68480.9279,9592.4145,17113.8434,201.7594,0.596554612793783
 Archaea,152.38949999999997,92527.3661,184515.91210000002,26632.5749,45816.05890000001,506.494,0.5804088618726028
 Bacteria,94623.6948,66162538.91969984,131601982.0078003,18638245.766600087,32640382.323399886,427005.4646000018,0.5883634288096641
 Duplodnaviria,19.1231,12020.7971,24167.943199999998,3315.6863999999996,6399.5307999999995,104.589,0.512615561708234
 Eukaryota,471.8148000000001,281835.67790000007,552573.4321000001,77367.26450000005,136491.2113999999,2203.6750000000006,0.49659834445100776
 unclassified viruses,4.6519,4191.3619,7917.533800000001,1144.3674,1972.4056,51.1709,0.382
Unclassified,15035.218499999995,5816087.400599994,11616152.998000013,1647847.4738000024,2878919.748499992,41549.810599999946,0.557816771954438
