Domain,Domain_gene_counts,AA_C,AA_H,AA_N,AA_O,AA_S,GC_adj
 ,591.3639,372038.56260000006,742098.5307,105685.48770000001,181080.4041,2047.7566000000006,0.585622881815824
 Archaea,16749.02960000002,11840434.421699977,23558582.21749998,3207119.6901000026,5853071.917800008,84552.37150000027,0.4398883632281163
 Bacteria,324898.3649000007,214535891.5092025,428222643.6112002,61122991.896600395,107345923.21789975,1267757.0201000005,0.6688091116700097
 Duplodnaviria,12.1488,8331.0668,16675.065199999997,2607.8196,4156.4436,56.5743,0.6889574019429385
 Eukaryota,1392.5978999999995,806410.0936999995,1612014.7874000003,232397.52420000004,402324.0388000003,4570.725099999998,0.6527855376380276
Unclassified,72690.13770000015,28715774.172199834,57753665.224000014,8292677.7682000315,14412150.959899986,172722.97150000016,0.639667317359653
