Domain,Domain_gene_counts,AA_C,AA_H,AA_N,AA_O,AA_S,GC_adj
 ,844.2555999999996,475384.61689999985,942021.9559000005,134591.97870000007,233834.9234000001,3376.315999999999,0.5879189729034113
 Archaea,19374.95119999999,13589574.562100003,26941653.586999886,3638156.024599997,6686099.623099986,93067.85680000004,0.39353129945283816
 Bacteria,799675.7744000101,541225745.0324035,1077777027.8558028,153081781.25880122,267104501.3678018,3524541.2234000247,0.6244185341265502
 Duplodnaviria,147.32159999999996,122914.31309999996,244121.76479999998,35142.0368,62891.839600000014,796.5056999999998,0.6286095310720166
 Eukaryota,2927.4342000000033,1703860.962299999,3377156.8075999967,483208.1624000004,839347.8418000004,11199.861600000002,0.582675448086806
 Riboviria,8.650300000000001,4207.2882,8514.6141,1168.6891,2101.8885,42.814099999999996,0.5413396208400829
 unclassified viruses,11.218499999999999,2767.0791,5471.2159,833.5810999999999,1343.7901,1.9516,0.5940223992252964
Unclassified,128998.87050000083,48894412.71129983,97957576.78260076,14056085.217600016,24288656.020300042,355235.302200001,0.6002612435210911
