Domain,Domain_gene_counts,AA_C,AA_H,AA_N,AA_O,AA_S,GC_adj
 Archaea,3.5605,2271.599,4546.7585,680.0555,1178.5255,14.242,0.562
 Bacteria,1324.9817999999989,783042.0753000001,1561567.1880999997,221553.86209999982,387849.3094000001,5275.180499999995,0.6140828495907983
 Eukaryota,3.7096999999999998,1092.2751,2164.3055,322.31690000000003,541.7810999999999,7.8221,0.6388189320181297
Unclassified,279.1241000000001,103972.3058,207804.73149999994,29405.7575,51975.609899999974,846.9476999999997,0.5765941403050275
