Domain,Domain_gene_counts,AA_C,AA_H,AA_N,AA_O,AA_S,GC_adj
 ,197.034,113929.81249999999,226242.4231,30241.574299999997,55167.183399999994,692.9915000000001,0.5321415456783878
 Archaea,312.8052,208179.1468,411381.3371999999,59381.791400000024,103840.00639999998,1293.1109000000001,0.6599463510255134
 Bacteria,131165.4330999998,93079203.38299964,186296814.21990055,26568520.61590005,46778630.92579994,557218.7356999979,0.6904215563711166
 Duplodnaviria,10.4391,2252.7781999999997,4596.67,689.4012,1350.0669,7.1076999999999995,0.5931478237138138
 Eukaryota,2121.4715999999985,1461954.776599999,2866904.7351000016,391786.04230000015,702009.7654000005,9392.546200000004,0.4749647952401684
 Riboviria,7.1637,2055.9819,4283.8926,515.7864000000001,959.9358000000001,50.145900000000005,0.415
 Varidnaviria,9.1055,8377.06,16663.065,2440.274,4243.163,27.316499999999998,0.748
 unclassified viruses,14.901499999999999,11457.886999999999,22368.661600000003,3112.674,5354.6457,109.63970000000002,0.379735766146077
Unclassified,32513.52509999997,14870741.717099957,29775368.782699946,4252140.252100014,7464088.227700008,104323.51729999969,0.6085859740094505
