Domain,Domain_gene_counts,AA_C,AA_H,AA_N,AA_O,AA_S,GC_adj
 ,2.7633,1768.5120000000002,3584.0001,505.6839,898.0725,8.2899,0.657
 Bacteria,59.776399999999995,33615.8523,67197.99250000001,9931.112699999998,16314.3025,209.93439999999998,0.6174351109784832
Unclassified,28.111999999999995,12679.206,25809.374200000002,3884.9770000000003,6230.202,171.55580000000003,0.544017945376634
