Domain,Domain_gene_counts,AA_C,AA_H,AA_N,AA_O,AA_S,GC_adj
 ,357.73710000000017,239169.94599999997,477969.07449999993,66622.3785,119665.92399999997,1304.8475999999998,0.6188457296263608
 Archaea,949.1369999999998,701029.6298000005,1392805.0338000006,195078.00560000012,353124.4107999998,4201.993199999999,0.617907655119569
 Bacteria,449504.56949999137,329732396.4366027,657171906.3598001,92677275.76600114,164897518.64620033,2075298.5935000083,0.622620913872274
 Duplodnaviria,125.96340000000005,93096.23120000002,183299.0477,25746.6741,47726.82520000001,681.1123,0.5304871438092912
 Eukaryota,2391.2125999999985,1610861.324100001,3190316.3452999997,449761.7208999999,799643.2145999989,10453.5215,0.5620319384431915
 environmental samples,4.1679,2575.7622,5184.8676000000005,775.2294,1304.5527000000002,37.511100000000006,0.293
 unclassified viruses,10.793199999999999,7179.3459,13878.1287,1971.2099,3476.3455000000004,57.166999999999994,0.5885185209554772
Unclassified,87420.74990000077,37524241.36820021,75189331.55239996,10628497.494400086,18906891.525000017,256117.77349999893,0.6040851252276596
