Domain,Domain_gene_counts,AA_C,AA_H,AA_N,AA_O,AA_S,GC_adj
 ,496.32979999999975,310222.0618,617742.0035999999,88038.9226,154685.0959,2067.2082,0.676048012730886
 Archaea,1961.3933999999992,1288646.6536000008,2569110.068400001,369041.4683999999,646207.6933000003,7498.5795,0.6571478093630329
 Bacteria,480360.11910000304,320894087.9472004,641786353.699915,92081752.40309997,160816251.7671002,1845211.6518999923,0.6858217078552893
 Duplodnaviria,84.4665,55115.3735,110223.54279999998,15773.439000000002,28397.6637,347.5594000000001,0.6655986222027858
 Eukaryota,3112.6983,1933412.3862000008,3850727.5187000027,552372.6263000012,963588.7700999983,11116.785500000005,0.6220899712504102
 Riboviria,4.9756,2206.2232000000004,4402.088299999999,653.1642999999999,1001.9644,6.3363,0.6717264691857902
 Varidnaviria,4.1022,2486.5265,4828.6888,635.606,1187.7455,12.3066,0.5777270501701256
 unclassified viruses,2.4192,607.2192,1161.216,164.50560000000002,326.592,2.4192,0.642
Unclassified,112624.12270000018,44664674.17030013,90223673.42499985,13055238.167599982,22588159.650499985,255579.88500000106,0.687601277760086
