Domain,Domain_gene_counts,AA_C,AA_H,AA_N,AA_O,AA_S,GC_adj
 ,385.3292,253613.56140000006,504638.9421000001,72360.98249999998,123662.22330000001,1581.1250000000002,0.6043690557601828
 Archaea,2044.4141999999993,1366870.515400001,2710303.4148000004,380729.70360000007,669511.7388999999,9164.826599999999,0.46849128573129756
 Bacteria,467850.82609999937,326911752.8214949,652447781.1871061,92980750.44110024,162961388.5124014,2052408.2533999872,0.6452788519740923
 Duplodnaviria,67.84290000000001,52480.38390000001,104391.152,14648.5182,27620.7784,273.1254,0.5788611210607092
 Eukaryota,1893.4996000000006,1200350.5319000008,2383492.6715999967,339195.9642000001,598437.9957000002,7849.645500000001,0.5541547563755502
 Riboviria,6.337899999999999,2484.6437,4886.4310000000005,654.675,1182.0,29.6569,0.45824045371305855
 Varidnaviria,3.7632,3725.5679999999998,7097.3952,1128.96,1764.9407999999999,18.816,0.463
 unclassified viruses,7.475899999999999,8823.3493,17426.0576,2435.0652,4537.8423,36.040099999999995,0.5337186185705165
Unclassified,78948.89539999978,32379508.840900086,64834984.48119979,9269798.668000048,16166424.168499906,220500.21169999908,0.5958002463437967
