Domain,Domain_gene_counts,AA_C,AA_H,AA_N,AA_O,AA_S,GC_adj
 ,156.1804,87221.39270000001,172319.06939999998,23278.3028,42113.78129999999,496.27880000000005,0.5093343248503539
 Archaea,287.9079000000001,160953.05180000004,317882.99510000006,45381.91370000002,78515.24049999999,1039.4045000000003,0.6206341131634727
 Bacteria,137653.0657000009,92310141.59440044,183769221.36179945,26099138.291800003,45880028.87169975,596626.1436000004,0.6147039522949762
 Duplodnaviria,14.1266,9781.0765,19454.809800000003,2740.0384,5016.109100000001,52.194900000000004,0.5558207994375811
 Eukaryota,2732.9579999999974,2985476.7231999985,5821919.1001,812832.1515,1443758.9459000006,19497.682399999994,0.46864506852705806
 Polydnaviridae,5.4802,5617.205,10993.2812,1523.4956,2767.501,65.7624,0.428
Unclassified,26469.97189999999,10406949.597399987,20811228.788899977,2960334.876299997,5207726.658399989,74531.50789999988,0.5726066657187069
