Domain,Domain_gene_counts,AA_C,AA_H,AA_N,AA_O,AA_S,GC_adj
 ,116.4956,111046.19959999999,218780.68440000003,31542.365999999998,54006.51019999999,717.4631,0.592075890803183
 Archaea,207.12070000000006,142885.41290000002,280022.3207999999,39825.4076,71825.2951,887.5224000000001,0.6126782646060597
 Bacteria,141745.6784999999,94463758.66080032,188308749.00319904,26673772.929600097,47002000.15470025,630686.0083999983,0.6370666424818539
 Duplodnaviria,192.3303,220981.06699999998,433223.50869999995,60382.8603,112779.73180000002,1300.3221,0.5578657348801226
 Eukaryota,15339.092300000017,12466352.833699975,24369736.658199966,3402320.552399991,6056821.758500006,94999.75340000003,0.45617837757858276
 Riboviria,37.1895,38107.5638,76446.0358,11668.1024,20009.9001,243.3317,0.5909490781127786
 Varidnaviria,1.8973,1354.6722,2549.9712,345.3086,696.3091,3.7946,0.516
 unclassified viruses,3.5899,2494.02,4945.4565,718.7810999999999,1282.0896,14.3596,0.4818741722862948
Unclassified,43425.25829999998,17981851.136099987,35746093.283600114,5087441.361800012,8973386.726599986,147253.90140000026,0.538565170567579
