Domain,Domain_gene_counts,AA_C,AA_H,AA_N,AA_O,AA_S,GC_adj
 ,56.065400000000004,42161.0499,82636.10769999998,9883.1891,18754.6834,209.2755,0.2806190481539084
 Archaea,43.38849999999999,31083.431999999997,61072.5385,8781.339699999999,15324.796299999998,148.8438,0.5511421111044006
 Bacteria,25666.241800000138,17803461.94849999,35420634.87619993,5009943.339799979,8808057.957300007,110460.35469999933,0.592402822198342
 Eukaryota,2908.1904000000004,2000279.0171999997,3900898.253499999,540529.4704999997,959653.6808000001,14144.19510000001,0.449902901558427
 Varidnaviria,2.7781,1230.6983,2522.5148,344.4844,636.1849,11.1124,0.622
Unclassified,12783.26659999999,5556039.288299996,11081281.653399989,1604440.3606000016,2773166.3173999996,44159.79580000004,0.5418965892093913
