Domain,Domain_gene_counts,AA_C,AA_H,AA_N,AA_O,AA_S,GC_adj
 ,614.8926000000002,439427.564,869036.9576000001,124684.45359999998,214895.96829999998,2681.821199999999,0.5813844876778419
 Archaea,21859.17619999999,16106664.34840001,32059941.19249988,4351303.594300008,7966994.667700004,114244.49089999979,0.4316044665966551
 Bacteria,335507.216800002,219550887.44759727,438161051.7023951,62477036.973400146,110114801.30770066,1308840.8315999908,0.6630986086592726
 Duplodnaviria,18.9042,12313.1642,24467.8884,3420.1373999999996,6182.6893,89.36439999999999,0.550320496339102
 Eukaryota,1471.9241000000004,793189.7698,1588714.6260000009,225906.10999999996,399156.80479999975,4526.045099999997,0.6380295577960048
 Monodnaviria,10.870000000000001,3931.813,8086.6404,1233.6696000000002,2029.7813999999998,35.315799999999996,0.6886769015620077
 Riboviria,12.099900000000002,12048.8539,24371.4128,3453.7007999999996,6215.0359,82.93889999999999,0.4705917084636158
 Varidnaviria,6.164,4129.8498,8452.987799999999,1197.8606,2187.8706,6.3236,0.6278061188155771
Unclassified,78239.69970000013,30439253.450699955,61161584.20400023,8737414.495400013,15291014.106000002,189512.65099999966,0.6158058923806257
