Domain,Domain_gene_counts,AA_C,AA_H,AA_N,AA_O,AA_S,GC_adj
 ,187.44510000000005,152496.389,299227.94670000003,38338.88710000001,72674.66530000001,773.8135000000001,0.419499680824467
 Archaea,183.51,118000.4335,234793.05909999998,32887.9491,58566.781400000014,706.9275999999999,0.627950103957073
 Bacteria,86071.75340000025,57262730.48800001,113993941.9670001,16142029.047999922,28496894.090600017,368056.3737999997,0.6243735695344627
 Duplodnaviria,11.1549,8296.7339,15981.3815,2177.8071,4058.1586999999995,63.757099999999994,0.5719515862237571
 Eukaryota,15549.603700000007,11290405.127899999,21970412.57580005,3044508.4098000024,5419869.688300007,75779.78960000005,0.462977037796309
 Riboviria,8.4252,5796.537600000001,11685.752400000001,1794.5676,2957.2452000000003,58.9764,0.486
 Varidnaviria,2.1152,1859.2608000000002,3547.1904000000004,522.4544000000001,915.8816,12.691200000000002,0.534
Unclassified,37491.88740000008,15689096.632700017,31127850.90009998,4446387.731100003,7817214.668200001,119313.21899999965,0.535390194929417
