Domain,Domain_gene_counts,AA_C,AA_H,AA_N,AA_O,AA_S,GC_adj
 ,247.96089999999998,138967.38769999996,277927.59580000007,39288.77859999999,68778.3751,888.114,0.6056343345297724
 Archaea,5614.116700000002,3363934.668299997,6714163.600900005,943172.9507000014,1663367.7822000002,21034.866299999987,0.6120802314091529
 Bacteria,273355.8623000032,180233500.91730058,359337113.1821985,51012762.27760046,89107071.51760109,1186255.8025000014,0.6334051913606332
 Duplodnaviria,281.42910000000006,180722.2328,359073.71549999993,50643.361899999996,93055.1342,1285.7567999999997,0.5600654511608109
 Eukaryota,1781.553200000002,1276492.8981000008,2509130.6999999993,353875.0185999999,624445.9745000002,9527.8265,0.4731216727016679
 Riboviria,24.509999999999998,16547.9083,32713.9773,4657.3859,8227.2827,189.5768,0.4579714903900655
 environmental samples,1.9962,1239.6402,2459.3184,343.3464,644.7726,5.9886,0.528
Unclassified,33571.48649999999,11835301.46420002,23688275.228600096,3390114.8418000084,5859059.971100012,89964.64759999959,0.5807800526977644
