Domain,Domain_gene_counts,AA_C,AA_H,AA_N,AA_O,AA_S,GC_adj
 ,418.1952000000001,274432.1301,550770.0587,76762.38010000002,135461.96460000004,1643.624400000001,0.532208668278228
 Archaea,38867.102600000166,29047893.986600008,57636102.2363,7708192.448699985,14327269.415499989,199810.2379000003,0.36632750138051795
 Bacteria,284366.10569999926,185507601.12400022,369643424.4550986,52598106.30169989,91822167.75599927,1177289.3178000061,0.642718014412029
 Duplodnaviria,17.353900000000003,9733.556,19694.4456,2859.4848,5129.615100000001,45.284800000000004,0.6464953857970741
 Eukaryota,740.3099999999997,438718.45940000005,878473.4248999996,126477.76349999999,218871.00810000006,2722.9705,0.6382355310583461
 Riboviria,2.6738,526.7386,1050.8034,173.797,248.6634,5.3476,0.581
 unclassified viruses,6.9317,2301.3244,4318.4491,700.1017,1088.2769,6.9317,0.667
Unclassified,51165.13769999997,18850739.023299992,37849896.49009979,5410268.6453,9380659.345999993,124655.29469999995,0.6166458399136616
