Domain,Domain_gene_counts,AA_C,AA_H,AA_N,AA_O,AA_S,GC_adj
 Archaea,120.3997,27028.1193,55229.861399999994,8001.0816,14502.671,146.522,0.49071397681360057
 Bacteria,7458.442799999999,4438167.2825000025,8854428.348900003,1253989.2577000018,2219271.0902999965,31767.501400000034,0.6543498579176316
 Eukaryota,80.21219999999998,54442.9927,106207.44260000001,14771.671999999999,26558.614600000004,338.93500000000006,0.5743683971370601
Unclassified,1153.5729,467043.0445,936098.2737999995,133506.12039999993,235770.18130000003,3154.0042999999987,0.6027443327567834
