Domain,Domain_gene_counts,AA_C,AA_H,AA_N,AA_O,AA_S,GC_adj
 ,247.58570000000003,150233.81740000003,304193.65660000005,44024.86519999999,76996.3082,949.6810000000002,0.6148956384539039
 Archaea,368.0144999999999,274718.7584,546800.9271999999,76616.921,138178.0222,1440.5577999999996,0.6339376142818051
 Bacteria,253901.38270000034,171822681.55120036,343413737.1792014,48680316.21760012,86345536.81849965,1070418.337400001,0.646250925139684
 Duplodnaviria,189.36949999999996,133677.46680000002,262568.01959999994,35828.11780000001,68201.87299999999,1035.7812999999996,0.4304433661337108
 Eukaryota,1647.9557000000011,1005953.6025000004,2000907.1498999996,280158.9038999999,500794.4812000001,6592.156500000002,0.5549589767666214
 Varidnaviria,9.5735,6332.5681,12475.674500000001,1721.2217,3220.0886,42.1546,0.5584603452228339
Unclassified,42224.05499999993,17544618.0292,35236830.98779998,4978782.862599991,8867138.73520002,116661.0903000001,0.6009211032003795
