Domain,Domain_gene_counts,AA_C,AA_H,AA_N,AA_O,AA_S,GC_adj
 ,369.1622999999999,209411.84330000007,418611.9758999999,59779.6997,105475.70439999999,1274.6013000000005,0.6383878670898013
 Archaea,818.3095999999998,522398.36070000014,1040409.4673999997,147435.51879999982,259548.78539999994,3301.4758999999985,0.6319633832210839
 Bacteria,478690.9427000044,331220292.82919556,662164417.8579992,94291569.13340124,164507930.01479906,2116992.1435000147,0.642500449877106
 Duplodnaviria,53.4731,29208.491199999997,58900.720899999986,8381.6303,15136.5584,166.72449999999998,0.6588008865784565
 Eukaryota,1900.6241000000014,1024157.0526,2061696.9668000005,295902.0192,513200.62559999974,6129.102600000001,0.6502933057667902
 Monodnaviria,5.0062999999999995,3441.3302,7007.5676,986.4198,1753.063,23.7084,0.6780718711276332
 Riboviria,9.0161,5899.2428,11446.2829,1601.6949,2840.1106,15.4847,0.6772198534295713
 unclassified viruses,5.1163,1933.9614,4021.4118,552.5604,1018.1437,10.2326,0.711
Unclassified,84185.33359999942,32607696.894699756,65913397.087999776,9517743.085600011,16434116.887999948,210961.22699999998,0.6497824131350106
