Domain,Domain_gene_counts,AA_C,AA_H,AA_N,AA_O,AA_S,GC_adj
 ,245.53549999999993,141126.13049999997,281250.9036000001,40702.55060000001,69067.0841,674.4446,0.6723314791779283
 Archaea,6527.882299999996,4226502.663000004,8426500.9742,1155170.2011999963,2088006.9808000028,31346.857800000023,0.5013406074287725
 Bacteria,156667.91570000147,107553843.98460048,215216616.26729995,30996612.35729991,53809628.1759002,601036.658100002,0.7034380127575975
 Duplodnaviria,29.4881,18226.4385,35854.528,5318.784199999999,8843.9418,133.4202,0.5985941584772999
 Eukaryota,1023.8982000000004,584466.5578999999,1174641.0047000002,170347.35609999995,288512.2424999999,3270.697100000001,0.7108396155798875
 Riboviria,3.9015,3152.412,6417.9675,932.4585,1611.3195,3.9015,0.8059999999999999
Unclassified,34185.39560000007,13779545.503699988,27857460.347800095,4058266.16259999,6907326.243299981,73499.90739999978,0.7047677735700156
