Domain,Domain_gene_counts,AA_C,AA_H,AA_N,AA_O,AA_S,GC_adj
 ,95.46410000000003,60466.5309,120451.20489999998,16535.0911,29713.6158,439.5817,0.5993343309562048
 Archaea,286.5664000000001,212412.94309999997,421594.84220000013,59665.82080000002,103946.40460000005,1322.2485,0.5734687050194454
 Bacteria,165159.6873999999,107932191.64780033,215262588.099901,30663674.118700232,53287025.530199885,706408.0357000025,0.6185062482870584
 Duplodnaviria,14.284300000000002,11179.7633,21940.7498,2988.3112,5789.0165,65.96849999999999,0.53147829476926
 Eukaryota,381.7855,246217.53930000006,489563.37799999997,69541.79440000001,120767.4777,1448.5303999999996,0.5762971436947256
 Riboviria,2.9925,933.6600000000001,1876.2975000000001,272.3175,523.6875,5.985,0.63
 unclassified viruses,3.4631,2403.3914,4626.701599999999,706.4724,1132.4337,31.1679,0.444
Unclassified,20285.02770000007,7265747.3759000115,14590015.493000023,2099611.239999997,3615934.8990000016,52386.4172999999,0.5846081514994242
