Domain,Domain_gene_counts,AA_C,AA_H,AA_N,AA_O,AA_S,GC_adj
 ,284.74510000000004,153507.0823,308895.69440000004,44225.81019999999,75515.1855,853.4527,0.6451379620917663
 Archaea,588.6125999999997,365351.03980000014,731573.2988000002,104538.57720000004,180128.46969999996,2247.5099,0.5674828098601256
 Bacteria,292223.35570000426,190742858.72629952,380494033.21359897,54061050.12540083,94161466.10939927,1274998.2475000115,0.6224612016923395
 Duplodnaviria,9.7342,5369.4257,10701.272799999999,1541.7040000000002,2848.93,30.191000000000003,0.5575202646153193
 Eukaryota,1182.6849999999997,671103.7382000001,1316728.5605999995,186050.18079999997,328691.4595,5163.754700000002,0.5159508040262031
 environmental samples,5.4535,2410.447,4886.336,708.955,1107.0605,21.814,0.652
Unclassified,31068.344500000065,10452259.623100042,20970477.175799977,2999340.249600004,5205291.278900004,83291.59400000032,0.5764213178565667
