Domain,Domain_gene_counts,AA_C,AA_H,AA_N,AA_O,AA_S,GC_adj
 ,879.6543999999994,515425.7909999997,1022524.3949000003,142740.74430000008,254204.24620000008,3302.6685000000007,0.5540004694926038
 Archaea,22997.531199999958,16364950.461099971,32700307.686700013,4495591.138700018,8080242.219099989,101185.8632000003,0.5276832368459867
 Bacteria,874347.7632999837,595871171.628696,1187441733.4710824,168761728.463099,294376384.8255977,3830259.849999981,0.6114219647001864
 Duplodnaviria,138.3474,80860.15,163050.7718,22243.127399999994,43955.6884,299.7739000000001,0.6194315917573651
 Eukaryota,4129.355800000002,2591095.1456999998,5080163.164700001,697654.666900001,1249863.7481000014,17714.56140000001,0.45615374829508765
 unclassified viruses,2.1124,762.5764,1626.548,245.0384,418.2552,19.0116,0.607
Unclassified,126918.6166999999,46126799.80599966,92479567.8626992,13217560.771699872,22916861.305200156,344178.58409999957,0.5790075314673049
