Domain,Domain_gene_counts,AA_C,AA_H,AA_N,AA_O,AA_S,GC_adj
 ,177.63500000000002,113139.25009999996,225519.73530000003,31623.046100000007,56912.5513,644.2692000000001,0.6867723606840309
 Archaea,907.1874000000007,573644.2160000002,1146541.7981,163151.5067,285450.5729000001,3189.6122999999993,0.6022077885154148
 Bacteria,147362.6823999999,97337145.63790011,194491041.65419888,27846046.59960002,48692520.15019995,537993.2465000001,0.6883857426524592
 Duplodnaviria,12.21,3235.65,6459.09,1013.4300000000001,1709.4,12.21,0.685
 Eukaryota,878.8233000000002,518812.2311000001,1037133.4604,150658.007,257193.67739999996,2484.9875999999995,0.6855682656335095
 Riboviria,12.2757,5253.9996,10802.616,1865.9064,2626.9998,0.0,0.674
Unclassified,28808.933600000015,10997565.450499984,22214735.617000014,3214337.679399996,5531415.7491000155,59835.69939999994,0.6931740145968939
