Domain,Domain_gene_counts,AA_C,AA_H,AA_N,AA_O,AA_S,GC_adj
 ,84.16159999999998,46116.33750000001,91999.20060000001,12944.563600000005,23266.1294,314.4221,0.6397564232683297
 Anelloviridae,1.8407,1222.2248,2413.1577,351.5737,601.9089,3.6814,0.64
 Archaea,422.4003000000002,268549.5813000001,532598.238,75744.16139999998,131568.63470000002,1889.3633000000007,0.5815474597149783
 Bacteria,116144.70849999918,74092688.51580004,147773340.38570026,21022063.79890005,36717638.04729996,492349.7552000008,0.6501946980306204
 Duplodnaviria,50.1845,28636.058199999996,56666.85710000001,8226.5039,14420.7096,243.53589999999997,0.5886955159988385
 Eukaryota,484.3136000000002,275779.1297,549666.2086999998,79470.92790000005,138296.1033,1776.4970000000005,0.6304846888853319
 Varidnaviria,4.4522,3806.6310000000003,7648.8796,1068.528,1705.1926,22.261000000000003,0.753
 unclassified viruses,1.8267,294.0987,584.544,73.068,142.4826,3.6534,0.573
Unclassified,17868.70169999996,6560812.596599965,13196210.730500046,1892892.028699995,3285899.2758000013,46165.280500000015,0.6421493313428946
