Domain,Domain_gene_counts,AA_C,AA_H,AA_N,AA_O,AA_S,GC_adj
 ,40.5671,18634.2467,37372.5671,5500.190899999999,9248.3755,54.0475,0.7010674754101093
 Archaea,144.73080000000002,92365.8759,184158.5686,25852.783999999996,46361.8037,521.1193,0.6195599906097526
 Bacteria,31298.83720000004,20672927.73330002,41345499.34609992,5905329.585700015,10353198.277400007,117862.95040000009,0.7027242891336619
 Duplodnaviria,5.3657,2365.2878,4646.381600000001,714.37,1155.0532,11.202000000000002,0.6499190941179427
 Eukaryota,203.34349999999998,116370.97090000001,233300.15529999993,32507.71389999999,57023.1475,793.9253000000002,0.6711799420142209
Unclassified,5295.361799999997,2011648.5194,4073254.609100002,593838.0234999987,1011336.2464000017,10098.00669999998,0.7176687007566113
