Domain,Domain_gene_counts,AA_C,AA_H,AA_N,AA_O,AA_S,GC_adj
 ,153.0411,91118.58530000002,180474.20049999995,25280.94350000001,44935.1032,585.9014000000001,0.5905329482613645
 Archaea,447.6417000000002,305594.23670000007,606389.8781999997,86915.10360000005,150986.64329999997,1994.1276,0.583689116014712
 Bacteria,233568.4180999984,157683600.3557007,314352866.7242012,44774705.09719946,77986130.89689952,1026698.2085999929,0.6190376664763018
 Duplodnaviria,150.38389999999995,112459.57040000001,221497.68579999995,30940.32059999999,55943.94359999999,687.1814999999998,0.5810467038168172
 Eukaryota,1153.1161999999997,751418.1733999997,1477816.2637999994,204592.3966,367325.9886,4553.721899999999,0.5183658421870925
 Varidnaviria,11.5321,5488.544,10966.3428,1502.2994,2755.9259,29.816100000000002,0.4610016292272989
 unclassified viruses,9.5353,3628.215,6909.1525,1058.0810999999999,1875.1839999999997,32.3863,0.6328135958597207
Unclassified,36125.7526000001,14023234.076899959,28096317.037100017,4018264.3272999926,7015188.664099986,100072.18539999973,0.5940227382694288
