Codon,AA,GC,AT,GC_content
TTT,F,0,3,0
TTC,F,1,2,0.333333333
TTA,L,0,3,0
TTG,L,1,2,0.333333333
CTT,L,1,2,0.333333333
CTC,L,2,1,0.666666667
CTA,L,1,2,0.333333333
CTG,L,2,1,0.666666667
ATT,I,0,3,0
ATC,I,1,2,0.333333333
ATA,I,0,3,0
ATG,M,1,2,0.333333333
GTT,V,1,2,0.333333333
GTC,V,2,1,0.666666667
GTA,V,1,2,0.333333333
GTG,V,2,1,0.666666667
TAT,Y,0,3,0
TAC,Y,1,2,0.333333333
TAA,*,0,3,0
TAG,*,1,2,0.333333333
CAT,H,1,2,0.333333333
CAC,H,2,1,0.666666667
CAA,Q,1,2,0.333333333
CAG,Q,2,1,0.666666667
AAT,N,0,3,0
AAC,N,1,2,0.333333333
AAA,K,0,3,0
AAG,K,1,2,0.333333333
GAT,D,1,2,0.333333333
GAC,D,2,1,0.666666667
GAA,E,1,2,0.333333333
GAG,E,2,1,0.666666667
TCT,S,1,2,0.333333333
TCC,S,2,1,0.666666667
TCA,S,1,2,0.333333333
TCG,S,2,1,0.666666667
CCT,P,2,1,0.666666667
CCC,P,3,0,1
CCA,P,2,1,0.666666667
CCG,P,3,0,1
ACT,T,1,2,0.333333333
ACC,T,2,1,0.666666667
ACA,T,1,2,0.333333333
ACG,T,2,1,0.666666667
GCT,A,2,1,0.666666667
GCC,A,3,0,1
GCA,A,2,1,0.666666667
GCG,A,3,0,1
TGT,C,1,2,0.333333333
TGC,C,2,1,0.666666667
TGA,*,1,2,0.333333333
TGG,W,2,1,0.666666667
CGT,R,2,1,0.666666667
CGC,R,3,0,1
CGA,R,2,1,0.666666667
CGG,R,3,0,1
AGT,S,1,2,0.333333333
AGC,S,2,1,0.666666667
AGA,R,1,2,0.333333333
AGG,R,2,1,0.666666667
GGT,G,2,1,0.666666667
GGC,G,3,0,1
GGA,G,2,1,0.666666667
GGG,G,3,0,1